-- --------------------------------------------------------
-- Host:                         127.0.0.1
-- Server version:               10.4.17-MariaDB - Source distribution
-- Server OS:                    osx10.10
-- HeidiSQL Version:             11.3.0.6295
-- --------------------------------------------------------

/*!40101 SET @OLD_CHARACTER_SET_CLIENT=@@CHARACTER_SET_CLIENT */;
/*!40101 SET NAMES utf8 */;
/*!50503 SET NAMES utf8mb4 */;
/*!40014 SET @OLD_FOREIGN_KEY_CHECKS=@@FOREIGN_KEY_CHECKS, FOREIGN_KEY_CHECKS=0 */;
/*!40101 SET @OLD_SQL_MODE=@@SQL_MODE, SQL_MODE='NO_AUTO_VALUE_ON_ZERO' */;
/*!40111 SET @OLD_SQL_NOTES=@@SQL_NOTES, SQL_NOTES=0 */;

-- Dumping data for table blackout.t_calendars: ~4 rows (approximately)
/*!40000 ALTER TABLE `t_calendars` DISABLE KEYS */;
INSERT IGNORE INTO `t_calendars` (`id`, `cal_name`, `color`, `bgColor`) VALUES
	(1, 'Минск', '#ffffff', '#d1b5fa'),
	(2, 'Москва', '#ffffff', '#77d0fd'),
	(3, 'Казань', '#ffffff', '#fa9cb5'),
	(4, 'Питер', '#ffffff', '#ffe492');
/*!40000 ALTER TABLE `t_calendars` ENABLE KEYS */;

-- Dumping data for table blackout.t_category: ~24 rows (approximately)
/*!40000 ALTER TABLE `t_category` DISABLE KEYS */;
INSERT IGNORE INTO `t_category` (`id`, `name`) VALUES
	('001-001-000-000', 'Световые приборы полного движения'),
	('001-002-000-000', 'Прожекторы следящего света'),
	('001-003-000-000', 'Стробоскопы, блайндеры, пары'),
	('001-004-000-000', 'Светодиодные приборы'),
	('001-005-000-000', 'Осветительный и архитектурный свет'),
	('001-006-000-000', 'Дым, туман, вентиляторы, прочее'),
	('001-007-000-000', 'Пульты'),
	('002-001-000-000', 'Светодиодное видео оборудование'),
	('002-002-000-000', 'Проектора, плазмы и проекционные экраны'),
	('002-003-000-000', 'Медиасерверы и комплектующие для них'),
	('002-004-000-000', 'Контроллеры для светодиодных экранов'),
	('002-005-000-000', 'Видеопроцессоры и коммутаторы'),
	('002-006-000-000', 'Преобразователи и удлинители сигнала'),
	('002-007-000-000', 'Конструктив и подвесное оборудование'),
	('002-008-000-000', 'Камеры и трансляционное оборудование'),
	('003-001-000-000', 'Силовые ящики, Димерные блоки/Power distribution, dimmers'),
	('003-002-000-000', 'Коммутация/Commutation'),
	('003-003-000-000', 'Силовая коммутация/power commutation'),
	('003-004-000-000', 'Прочее/rest equipment'),
	('004-001-000-000', 'Фермы/ truss 30x30, Фермы/ truss 40x40'),
	('004-002-000-000', 'Фермы/truss 40x40'),
	('004-003-000-000', 'Фермы/truss 50x60, Фермы/truss 52x52'),
	('004-004-000-000', 'Лебедки, лебедочные контроллеры/motors, motor controllers'),
	('004-005-000-000', 'Оборудование для подвесса/Rigging stuff'),
	('004-006-000-000', 'разное/different stuff'),
	('004-007-000-000', 'Цельные конструкции/Complete construction');
/*!40000 ALTER TABLE `t_category` ENABLE KEYS */;

-- Dumping data for table blackout.t_department: ~4 rows (approximately)
/*!40000 ALTER TABLE `t_department` DISABLE KEYS */;
INSERT IGNORE INTO `t_department` (`id`, `name`) VALUES
	('001', 'Световое оборудование'),
	('002', 'Видео оборудование'),
	('003', 'Коммутация'),
	('004', 'Сцена/Фермы/Такелаж');
/*!40000 ALTER TABLE `t_department` ENABLE KEYS */;

-- Dumping data for table blackout.t_equipment: ~983 rows (approximately)
/*!40000 ALTER TABLE `t_equipment` DISABLE KEYS */;
INSERT IGNORE INTO `t_equipment` (`department`, `category`, `fixture_type`, `equip_id`, `uid_cloudio`, `manufactor`, `model_name`, `s_number`, `wh_code`, `const_location`, `current_location`, `status`, `state`) VALUES
	('001', '001-001-000-000', '001-001-001-000', '001-001-001-101', '4350262569CB', 'Clay Paky', 'A.leda B-Eye K10', 'S/N AG009689', '1.cp_k10_101', 'Minsk', '', 1, 1),
	('001', '001-001-000-000', '001-001-001-000', '001-001-001-102', '4350262569AE', 'Clay Paky', 'A.leda B-Eye K10', 'S/N  AG009653', '1.cp_k10_102', 'Minsk', '', 1, 1),
	('001', '001-001-000-000', '001-001-001-000', '001-001-001-103', '435026253F0B', 'Clay Paky', 'A.leda B-Eye K10', 'S/N AG009651', '1.cp_k10_103', 'Minsk', '', 1, 1),
	('001', '001-001-000-000', '001-001-001-000', '001-001-001-104', '435026253CAB', 'Clay Paky', 'A.leda B-Eye K10', 'S/N AG009680', '1.cp_k10_104', 'Minsk', '', 1, 1),
	('001', '001-001-000-000', '001-001-001-000', '001-001-001-105', '435026258A79', 'Clay Paky', 'A.leda B-Eye K10', 'S/N AG009709', '1.cp_k10_105', 'Minsk', '', 1, 1),
	('001', '001-001-000-000', '001-001-001-000', '001-001-001-106', '4350262569AB', 'Clay Paky', 'A.leda B-Eye K10', 'S/N AG009855', '1.cp_k10_106', 'Minsk', '', 1, 1),
	('001', '001-001-000-000', '001-001-001-000', '001-001-001-107', '435026253F04', 'Clay Paky', 'A.leda B-Eye K10', 'S/N AG009652', '1.cp_k10_107', 'Minsk', '', 1, 1),
	('001', '001-001-000-000', '001-001-001-000', '001-001-001-108', '435026255307', 'Clay Paky', 'A.leda B-Eye K10', 'S/N AG009854', '1.cp_k10_108', 'Minsk', '', 1, 1),
	('001', '001-001-000-000', '001-001-002-000', '001-001-002-001', '435024254AF4', 'Clay Paky', 'A.leda B-Eye K20', 'S/N AA000012', '1.cp_k20b_001', 'Minsk', '', 1, 1),
	('001', '001-001-000-000', '001-001-002-000', '001-001-002-002', '435024254AB4', 'Clay Paky', 'A.leda B-Eye K20', 'S/N AD000821', '1.cp_k20b_002', 'Minsk', '', 1, 1),
	('001', '001-001-000-000', '001-001-002-000', '001-001-002-004', '43502421B228', 'Clay Paky', 'A.leda B-Eye K20', 'S/N AD000787/5', '1.cp_k20b_004', 'Minsk', '', 1, 1),
	('001', '001-001-000-000', '001-001-002-000', '001-001-002-005', '43502421B10B', 'Clay Paky', 'A.leda B-Eye K20', 'S/N BA000229', '1.cp_k20b_005', 'Minsk', '', 1, 1),
	('001', '001-001-000-000', '001-001-002-000', '001-001-002-006', '435024221F14', 'Clay Paky', 'A.leda B-Eye K20', 'S/N AE005911/113', '1.cp_k20b_006', 'Minsk', '', 1, 1),
	('001', '001-001-000-000', '001-001-002-000', '001-001-002-007', '43502421EB91', 'Clay Paky', 'A.leda B-Eye K20', 'S/N AD000769/5', '1.cp_k20b_007', 'Minsk', '', 1, 1),
	('001', '001-001-000-000', '001-001-002-000', '001-001-002-008', '43502421B1D8', 'Clay Paky', 'A.leda B-Eye K20', 'S/N AD000808/6', '1.cp_k20b_008', 'Minsk', '', 1, 1),
	('001', '001-001-000-000', '001-001-002-000', '001-001-002-010', '43502421AF8F', 'Clay Paky', 'A.leda B-Eye K20', 'S/N AD000400', '1.cp_k20b_010', 'Minsk', '', 1, 1),
	('001', '001-001-000-000', '001-001-002-000', '001-001-002-011', '435024254AB2', 'Clay Paky', 'A.leda B-Eye K20', 'S/N AD000814', '1.cp_k20b_011', 'Minsk', '', 1, 1),
	('001', '001-001-000-000', '001-001-002-000', '001-001-002-013', '43502421AED1', 'Clay Paky', 'A.leda B-Eye K20', 'S/N AD000802/05', '1.cp_k20b_013', 'Minsk', '', 1, 1),
	('001', '001-001-000-000', '001-001-002-000', '001-001-002-015', '43502421B128', 'Clay Paky', 'A.leda B-Eye K20', 'S/N AD000802/6', '1.cp_k20b_015', 'Minsk', '', 1, 1),
	('001', '001-001-000-000', '001-001-002-000', '001-001-002-018', '43502421B283', 'Clay Paky', 'A.leda B-Eye K20', 'S/N AD000396', '1.cp_k20b_018', 'Minsk', '', 1, 1),
	('001', '001-001-000-000', '001-001-002-000', '001-001-002-019', '43502421EB24', 'Clay Paky', 'A.leda B-Eye K20', 'S/N AD000798/05', '1.cp_k20b_019', 'Minsk', '', 1, 1),
	('001', '001-001-000-000', '001-001-002-000', '001-001-002-020', '43502421B213', 'Clay Paky', 'A.leda B-Eye K20', 'S/N AD000819', '1.cp_k20b_020', 'Minsk', '', 1, 1),
	('001', '001-001-000-000', '001-001-002-000', '001-001-002-021', '43502421B221', 'Clay Paky', 'A.leda B-Eye K20', 'S/N AD000771', '1.cp_k20b_021', 'Minsk', '', 1, 1),
	('001', '001-001-000-000', '001-001-002-000', '001-001-002-022', '43502421EB25', 'Clay Paky', 'A.leda B-Eye K20', 'S/N AD000815', '1.cp_k20b_022', 'Minsk', '', 1, 1),
	('001', '001-001-000-000', '001-001-002-000', '001-001-002-023', '43502425AD56', 'Clay Paky', 'A.leda B-Eye K20', 'S/N AC021945/51', '1.cp_k20b_023', 'Minsk', '', 1, 1),
	('001', '001-001-000-000', '001-001-002-000', '001-001-002-024', '43502421EBE7', 'Clay Paky', 'A.leda B-Eye K20', 'S/N AD000810', '1.cp_k20b_024', 'Minsk', '', 1, 1),
	('001', '001-001-000-000', '001-001-002-000', '001-001-002-025', '43502421B1D0', 'Clay Paky', 'A.leda B-Eye K20', 'S/N AD000803/5', '1.cp_k20b_025', 'Minsk', '', 1, 1),
	('001', '001-001-000-000', '001-001-002-000', '001-001-002-026', '43502421EBEB', 'Clay Paky', 'A.leda B-Eye K20', 'S/N AD000540', '1.cp_k20b_026', 'Minsk', '', 1, 1),
	('001', '001-001-000-000', '001-001-002-000', '001-001-002-027', '43502421EB38', 'Clay Paky', 'A.leda B-Eye K20', 'S/N AD000789', '1.cp_k20b_027', 'Minsk', '', 1, 1),
	('001', '001-001-000-000', '001-001-002-000', '001-001-002-028', '43502421B23A', 'Clay Paky', 'A.leda B-Eye K20', 'S/N AD000823', '1.cp_k20b_028', 'Minsk', '', 1, 1),
	('001', '001-001-000-000', '001-001-002-000', '001-001-002-029', '43502421B1CC', 'Clay Paky', 'A.leda B-Eye K20', 'S/N AD000801', '1.cp_k20b_029', 'Minsk', '', 1, 1),
	('001', '001-001-000-000', '001-001-002-000', '001-001-002-031', '43502421B293', 'Clay Paky', 'A.leda B-Eye K20', 'S/N AD000805', '1.cp_k20b_031', 'Minsk', '', 1, 1),
	('001', '001-001-000-000', '001-001-002-000', '001-001-002-032', '43502421AFA1', 'Clay Paky', 'A.leda B-Eye K20', 'S/N AD000790', '1.cp_k20b_032', 'Minsk', '', 1, 1),
	('001', '001-001-000-000', '001-001-002-000', '001-001-002-033', '43502421B273', 'Clay Paky', 'A.leda B-Eye K20', 'S/N AD000796', '1.cp_k20b_033', 'Minsk', '', 1, 1),
	('001', '001-001-000-000', '001-001-002-000', '001-001-002-034', '43502421B27E', 'Clay Paky', 'A.leda B-Eye K20', 'S/N AD000797/6', '1.cp_k20b_034', 'Minsk', '', 1, 1),
	('001', '001-001-000-000', '001-001-002-000', '001-001-002-035', '43502421B264', 'Clay Paky', 'A.leda B-Eye K20', 'S/N AD000401', '1.cp_k20b_035', 'Minsk', '', 1, 1),
	('001', '001-001-000-000', '001-001-002-000', '001-001-002-036', '43502421EBB7', 'Clay Paky', 'A.leda B-Eye K20', 'S/N AD000770', '1.cp_k20b_036', 'Minsk', '', 1, 1),
	('001', '001-001-000-000', '001-001-002-000', '001-001-002-037', '43502421B1C0', 'Clay Paky', 'A.leda B-Eye K20', 'S/N AD000817', '1.cp_k20b_037', 'Minsk', '', 1, 1),
	('001', '001-001-000-000', '001-001-002-000', '001-001-002-039', '43502421B1A9', 'Clay Paky', 'A.leda B-Eye K20', 'S/N AD000397/6', '1.cp_k20b_039', 'Minsk', '', 1, 1),
	('001', '001-001-000-000', '001-001-002-000', '001-001-002-041', '43502421EB81', 'Clay Paky', 'A.leda B-Eye K20', 'S/N AD000812', '1.cp_k20b_041', 'Minsk', '', 1, 1),
	('001', '001-001-000-000', '001-001-002-000', '001-001-002-043', '43502421B1E2', 'Clay Paky', 'A.leda B-Eye K20', 'S/N AD000809', '1.cp_k20b_043', 'Minsk', '', 1, 1),
	('001', '001-001-000-000', '001-001-002-000', '001-001-002-044', '43502421EB27', 'Clay Paky', 'A.leda B-Eye K20', 'S/N AD000813', '1.cp_k20b_044', 'Minsk', '', 1, 1),
	('001', '001-001-000-000', '001-001-002-000', '001-001-002-049', '435024254ABB', 'Clay Paky', 'A.leda B-Eye K20', 'S/N AF012096', '1.cp_k20b_049', 'Minsk', '', 1, 1),
	('001', '001-001-000-000', '001-001-002-000', '001-001-002-050', '43502425B95D', 'Clay Paky', 'A.leda B-Eye K20', 'S/N AF012099', '1.cp_k20b_050', 'Minsk', '', 1, 1),
	('001', '001-001-000-000', '001-001-002-000', '001-001-002-051', '435024254A6D', 'Clay Paky', 'A.leda B-Eye K20', 'S/N AF012162', '1.cp_k20b_051', 'Minsk', '', 1, 1),
	('001', '001-001-000-000', '001-001-002-000', '001-001-002-053', '435024254A31', 'Clay Paky', 'A.leda B-Eye K20', 'S/N AF012896', '1.cp_k20b_053', 'Minsk', '', 1, 1),
	('001', '001-001-000-000', '001-001-002-000', '001-001-002-054', '4350242548ED', 'Clay Paky', 'A.leda B-Eye K20', 'S/N AF011906', '1.cp_k20b_054', 'Minsk', '', 1, 1),
	('001', '001-001-000-000', '001-001-002-000', '001-001-002-056', '435024254B52', 'Clay Paky', 'A.leda B-Eye K20', 'S/N AF012161', '1.cp_k20b_056', 'Minsk', '', 1, 1),
	('001', '001-001-000-000', '001-001-002-000', '001-001-002-057', '43502421B240', 'Clay Paky', 'A.leda B-Eye K20', 'S/N AF012202', '1.cp_k20b_057', 'Minsk', '', 1, 1),
	('001', '001-001-000-000', '001-001-002-000', '001-001-002-058', '435024254A58', 'Clay Paky', 'A.leda B-Eye K20', 'S/N AF011766', '1.cp_k20b_058', 'Minsk', '', 1, 1),
	('001', '001-001-000-000', '001-001-002-000', '001-001-002-059', '4350242548E9', 'Clay Paky', 'A.leda B-Eye K20', 'S/N AD000397', '1.cp_k20b_059', 'Minsk', '', 1, 1),
	('001', '001-001-000-000', '001-001-002-000', '001-001-002-060', '435024254A72', 'Clay Paky', 'A.leda B-Eye K20', 'S/N AF012165', '1.cp_k20b_060', 'Minsk', '', 1, 1),
	('001', '001-001-000-000', '001-001-002-000', '001-001-002-061', '435024254B55', 'Clay Paky', 'A.leda B-Eye K20', 'S/N AF012218', '1.cp_k20b_061', 'Minsk', '', 1, 1),
	('001', '001-001-000-000', '001-001-002-000', '001-001-002-062', '435024254A76', 'Clay Paky', 'A.leda B-Eye K20', 'S/N AF012081', '1.cp_k20b_062', 'Minsk', '', 1, 1),
	('001', '001-001-000-000', '001-001-002-000', '001-001-002-063', '435024254A70', 'Clay Paky', 'A.leda B-Eye K20', 'S/N AF012216', '1.cp_k20b_063', 'Minsk', '', 1, 1),
	('001', '001-001-000-000', '001-001-002-000', '001-001-002-064', '435024254AC1', 'Clay Paky', 'A.leda B-Eye K20', 'S/N AF012215', '1.cp_k20b_064', 'Minsk', '', 1, 1),
	('001', '001-001-000-000', '001-001-002-000', '001-001-002-065', '435024254AC2', 'Clay Paky', 'A.leda B-Eye K20', 'S/N AF012169', '1.cp_k20b_065', 'Minsk', '', 1, 1),
	('001', '001-001-000-000', '001-001-002-000', '001-001-002-066', '435024254AC8', 'Clay Paky', 'A.leda B-Eye K20', 'S/N AF012217', '1.cp_k20b_066', 'Minsk', '', 1, 1),
	('001', '001-001-000-000', '001-001-002-000', '001-001-002-067', '435024254B5E', 'Clay Paky', 'A.leda B-Eye K20', 'S/N AF012164', '1.cp_k20b_067', 'Minsk', '', 1, 1),
	('001', '001-001-000-000', '001-001-002-000', '001-001-002-069', '43502421B245', 'Clay Paky', 'A.leda B-Eye K20', 'S/N AD000771', '1.cp_k20b_069', 'Minsk', '', 1, 1),
	('001', '001-001-000-000', '001-001-002-000', '001-001-002-072', '4350242549E3', 'Clay Paky', 'A.leda B-Eye K20', 'S/N AD000821/6', '1.cp_k20b_072', 'Minsk', '', 1, 1),
	('001', '001-001-000-000', '001-001-002-000', '001-001-002-073', '43502425B107', 'Clay Paky', 'A.leda B-Eye K20', 'S/N AF012166', '1.cp_k20b_073', 'Minsk', '', 1, 1),
	('001', '001-001-000-000', '001-001-002-000', '001-001-002-075', '43502421EB9F', 'Clay Paky', 'A.leda B-Eye K20', 'S/N AF012082', '1.cp_k20b_075', 'Minsk', '', 1, 1),
	('001', '001-001-000-000', '001-001-002-000', '001-001-002-076', '435024252B0E', 'Clay Paky', 'A.leda B-Eye K20', 'S/N AE022129', '1.cp_k20b_076', 'Minsk', '', 1, 1),
	('001', '001-001-000-000', '001-001-002-000', '001-001-002-077', '4350242250DE', 'Clay Paky', 'A.leda B-Eye K20', 'S/N AE022197', '1.cp_k20b_077', 'Minsk', '', 1, 1),
	('001', '001-001-000-000', '001-001-002-000', '001-001-002-078', '43502422281D', 'Clay Paky', 'A.leda B-Eye K20', 'S/N AE003377/9', '1.cp_k20b_078', 'Minsk', '', 1, 1),
	('001', '001-001-000-000', '001-001-002-000', '001-001-002-079', '435024221D8E', 'Clay Paky', 'A.leda B-Eye K20', 'S/N AE001476', '1.cp_k20b_079', 'Minsk', '', 1, 1),
	('001', '001-001-000-000', '001-001-002-000', '001-001-002-080', '4350242226A5', 'Clay Paky', 'A.leda B-Eye K20', 'S/N AE001877/06', '1.cp_k20b_080', 'Minsk', '', 1, 1),
	('001', '001-001-000-000', '001-001-002-000', '001-001-002-081', '435024252BEF', 'Clay Paky', 'A.leda B-Eye K20', 'S/N AE022039', '1.cp_k20b_081', 'Minsk', '', 1, 1),
	('001', '001-001-000-000', '001-001-003-000', '001-001-003-001', '43501E218337', 'Clay Paky', 'A.leda Wash K10', 'S/N AB019035', '1.cp_k10_001', 'Minsk', '', 1, 1),
	('001', '001-001-000-000', '001-001-003-000', '001-001-003-003', '43501E219E3C', 'Clay Paky', 'A.leda Wash K10', 'S/N AB018891', '1.cp_k10_003', 'Minsk', '', 1, 1),
	('001', '001-001-000-000', '001-001-003-000', '001-001-003-004', '43501E218458', 'Clay Paky', 'A.leda Wash K10', 'S/N AB018880', '1.cp_k10_004', 'Minsk', '', 1, 1),
	('001', '001-001-000-000', '001-001-003-000', '001-001-003-005', '43501E21837C', 'Clay Paky', 'A.leda Wash K10', 'S/N AB018780', '1.cp_k10_005', 'Minsk', '', 1, 1),
	('001', '001-001-000-000', '001-001-003-000', '001-001-003-006', '43501E2198DA', 'Clay Paky', 'A.leda Wash K10', 'S/N AB018750', '1.cp_k10_006', 'Minsk', '', 1, 1),
	('001', '001-001-000-000', '001-001-003-000', '001-001-003-007', '43501E2182E1', 'Clay Paky', 'A.leda Wash K10', 'S/N AB019034', '1.cp_k10_007', 'Minsk', '', 1, 1),
	('001', '001-001-000-000', '001-001-003-000', '001-001-003-008', '43501E2182FD', 'Clay Paky', 'A.leda Wash K10', 'S/N AB016768', '1.cp_k10_008', 'Minsk', '', 1, 1),
	('001', '001-001-000-000', '001-001-003-000', '001-001-003-009', '43501E21779F', 'Clay Paky', 'A.leda Wash K10', 'S/N AB016584', '1.cp_k10_009', 'Minsk', '', 1, 1),
	('001', '001-001-000-000', '001-001-003-000', '001-001-003-010', '43501E2182AF', 'Clay Paky', 'A.leda Wash K10', 'S/N AB015533', '1.cp_k10_010', 'Minsk', '', 1, 1),
	('001', '001-001-000-000', '001-001-003-000', '001-001-003-012', '43501E218378', 'Clay Paky', 'A.leda Wash K10', 'S/N AB016783', '1.cp_k10_012', 'Minsk', '', 1, 1),
	('001', '001-001-000-000', '001-001-003-000', '001-001-003-014', '43501E21827D', 'Clay Paky', 'A.leda Wash K10', 'S/N AB018774', '1.cp_k10_014', 'Minsk', '', 1, 1),
	('001', '001-001-000-000', '001-001-003-000', '001-001-003-015', '43501E217606', 'Clay Paky', 'A.leda Wash K10', 'S/N AB016179', '1.cp_k10_015', 'Minsk', '', 1, 1),
	('001', '001-001-000-000', '001-001-003-000', '001-001-003-018', '43501E2182BF', 'Clay Paky', 'A.leda Wash K10', 'S/N AB018751', '1.cp_k10_018', 'Minsk', '', 1, 1),
	('001', '001-001-000-000', '001-001-003-000', '001-001-003-019', '43501E2175DF', 'Clay Paky', 'A.leda Wash K10', 'S/N AB016583', '1.cp_k10_019', 'Minsk', '', 1, 1),
	('001', '001-001-000-000', '001-001-003-000', '001-001-003-020', '43501E2182B0', 'Clay Paky', 'A.leda Wash K10', 'S/N AB016405', '1.cp_k10_020', 'Minsk', '', 1, 1),
	('001', '001-001-000-000', '001-001-003-000', '001-001-003-021', '43501E218321', 'Clay Paky', 'A.leda Wash K10', 'S/N AB016170', '1.cp_k10_021', 'Minsk', '', 1, 1),
	('001', '001-001-000-000', '001-001-003-000', '001-001-003-022', '43501E2182F2', 'Clay Paky', 'A.leda Wash K10', 'S/N AB018997', '1.cp_k10_022', 'Minsk', '', 1, 1),
	('001', '001-001-000-000', '001-001-003-000', '001-001-003-023', '43501E21834B', 'Clay Paky', 'A.leda Wash K10', 'S/N AB016171', '1.cp_k10_023', 'Minsk', '', 1, 1),
	('001', '001-001-000-000', '001-001-003-000', '001-001-003-024', '43501E21834E', 'Clay Paky', 'A.leda Wash K10', 'S/N AB016178', '1.cp_k10_024', 'Minsk', '', 1, 1),
	('001', '001-001-000-000', '001-001-003-000', '001-001-003-025', '43501E218352', 'Clay Paky', 'A.leda Wash K10', 'S/N AB01651_', '1.cp_k10_025', 'Minsk', '', 1, 1),
	('001', '001-001-000-000', '001-001-003-000', '001-001-003-026', '43501E2183E9', 'Clay Paky', 'A.leda Wash K10', 'S/N AB018777', '1.cp_k10_026', 'Minsk', '', 1, 1),
	('001', '001-001-000-000', '001-001-003-000', '001-001-003-027', '43501E219926', 'Clay Paky', 'A.leda Wash K10', 'S/N AB018744', '1.cp_k10_027', 'Minsk', '', 1, 1),
	('001', '001-001-000-000', '001-001-003-000', '001-001-003-028', '43501E2198CA', 'Clay Paky', 'A.leda Wash K10', 'S/N AB0162249', '1.cp_k10_028', 'Minsk', '', 1, 1),
	('001', '001-001-000-000', '001-001-003-000', '001-001-003-029', '43501E219910', 'Clay Paky', 'A.leda Wash K10', 'S/N AB016250', '1.cp_k10_029', 'Minsk', '', 1, 1),
	('001', '001-001-000-000', '001-001-003-000', '001-001-003-032', '43501E2198F6', 'Clay Paky', 'A.leda Wash K10', 'S/N AB018753', '1.cp_k10_032', 'Minsk', '', 1, 1),
	('001', '001-001-000-000', '001-001-003-000', '001-001-003-033', '43501E219E39', 'Clay Paky', 'A.leda Wash K10', 'S/N AB018781', '1.cp_k10_033', 'Minsk', '', 1, 1),
	('001', '001-001-000-000', '001-001-003-000', '001-001-003-038', '43501E2182A8', 'Clay Paky', 'A.leda Wash K10', 'S/N AB 016169', '1.cp_k10_038', 'Minsk', '', 1, 1),
	('001', '001-001-000-000', '001-001-003-000', '001-001-003-039', '43501E21991B', 'Clay Paky', 'A.leda Wash K10', 'S/N AB018754', '1.cp_k10_039', 'Minsk', '', 1, 1),
	('001', '001-001-000-000', '001-001-003-000', '001-001-003-040', '43501E2182AB', 'Clay Paky', 'A.leda Wash K10', 'S/N AB016176', '1.cp_k10_040', 'Minsk', '', 1, 1),
	('001', '001-001-000-000', '001-001-003-000', '001-001-003-041', '43501E218311', 'Clay Paky', 'A.leda Wash K10', 'S/N AB018881', '1.cp_k10_041', 'Minsk', '', 1, 1),
	('001', '001-001-000-000', '001-001-003-000', '001-001-003-042', '43501E21837A', 'Clay Paky', 'A.leda Wash K10', 'S/N AB0187778', '1.cp_k10_042', 'Minsk', '', 1, 1),
	('001', '001-001-000-000', '001-001-003-000', '001-001-003-045', '43501E218370', 'Clay Paky', 'A.leda Wash K10', 'S/N AB016248', '1.cp_k10_045', 'Minsk', '', 1, 1),
	('001', '001-001-000-000', '001-001-003-000', '001-001-003-048', '43501E2182C2', 'Clay Paky', 'A.leda Wash K10', 'S/N AB018883', '1.cp_k10_048', 'Minsk', '', 1, 1),
	('001', '001-001-000-000', '001-001-004-000', '001-001-004-001', '435004010C15', 'Clay Paky', 'Alpha Beam 1500', 'S/N AZ006527', '1.cp_al_b1500_001', 'Minsk', '', 1, 1),
	('001', '001-001-000-000', '001-001-004-000', '001-001-004-002', '435004010BCB', 'Clay Paky', 'Alpha Beam 1500', 'S/N AZ006523', '1.cp_al_b1500_002', 'Minsk', '', 1, 1),
	('001', '001-001-000-000', '001-001-004-000', '001-001-004-003', '435004015E37', 'Clay Paky', 'Alpha Beam 1500', 'S/N AZ006534', '1.cp_al_b1500_003', 'Minsk', '', 1, 1),
	('001', '001-001-000-000', '001-001-004-000', '001-001-004-004', '435004010BB8', 'Clay Paky', 'Alpha Beam 1500', 'S/N AZ006522', '1.cp_al_b1500_004', 'Minsk', '', 1, 1),
	('001', '001-001-000-000', '001-001-004-000', '001-001-004-005', '4350040112A9', 'Clay Paky', 'Alpha Beam 1500', 'S/N AZ006538', '1.cp_al_b1500_005', 'Minsk', '', 1, 1),
	('001', '001-001-000-000', '001-001-004-000', '001-001-004-006', '435004010C12', 'Clay Paky', 'Alpha Beam 1500', 'S/N AZ006517', '1.cp_al_b1500_006', 'Minsk', '', 1, 1),
	('001', '001-001-000-000', '001-001-004-000', '001-001-004-007', '435004010BBB', 'Clay Paky', 'Alpha Beam 1500', 'S/N AZ006516', '1.cp_al_b1500_007', 'Minsk', '', 1, 1),
	('001', '001-001-000-000', '001-001-004-000', '001-001-004-008', '435004010B9D', 'Clay Paky', 'Alpha Beam 1500', 'S/N AZ006536', '1.cp_al_b1500_008', 'Minsk', '', 1, 1),
	('001', '001-001-000-000', '001-001-004-000', '001-001-004-009', '435004010BCD', 'Clay Paky', 'Alpha Beam 1500', 'S/N AZ006533', '1.cp_al_b1500_009', 'Minsk', '', 1, 1),
	('001', '001-001-000-000', '001-001-004-000', '001-001-004-010', '435004010C22', 'Clay Paky', 'Alpha Beam 1500', 'S/N AZ006518', '1.cp_al_b1500_010', 'Minsk', '', 1, 1),
	('001', '001-001-000-000', '001-001-004-000', '001-001-004-011', '435004011293', 'Clay Paky', 'Alpha Beam 1500', 'S/N AZ006535', '1.cp_al_b1500_011', 'Minsk', '', 1, 1),
	('001', '001-001-000-000', '001-001-004-000', '001-001-004-012', '435004010BBA', 'Clay Paky', 'Alpha Beam 1500', 'S/N AZ006537', '1.cp_al_b1500_012', 'Minsk', '', 1, 1),
	('001', '001-001-000-000', '001-001-005-000', '001-001-005-003', '435008056F65', 'Clay Paky', 'Alpha Profile 1500', 'S/N AZ002702', '1.cp_al_pr1500_003', 'Minsk', '', 1, 1),
	('001', '001-001-000-000', '001-001-005-000', '001-001-005-004', '435008011340', 'Clay Paky', 'Alpha Profile 1500', 'S/N AZ002698', '1.cp_al_pr1500_004', 'Minsk', '', 1, 1),
	('001', '001-001-000-000', '001-001-005-000', '001-001-005-005', '435008010D24', 'Clay Paky', 'Alpha Profile 1500', 'S/N AZ007877', '1.cp_al_pr1500_005', 'Minsk', '', 1, 1),
	('001', '001-001-000-000', '001-001-005-000', '001-001-005-006', '435008010CEE', 'Clay Paky', 'Alpha Profile 1500', 'S/N AZ007876', '1.cp_al_pr1500_006', 'Minsk', '', 1, 1),
	('001', '001-001-000-000', '001-001-006-000', '001-001-006-001', '4350060184D1', 'Clay Paky', 'Alpha Spot HPE 1500', 'S/N AB016795', '1.cp_al_spot_001', 'Minsk', '', 1, 1),
	('001', '001-001-000-000', '001-001-006-000', '001-001-006-002', '435006011232', 'Clay Paky', 'Alpha Spot HPE 1500', 'S/N AA001750', '1.cp_al_spot_002', 'Minsk', '', 1, 1),
	('001', '001-001-000-000', '001-001-006-000', '001-001-006-004', '43500601133E', 'Clay Paky', 'Alpha Spot HPE 1500', 'S/N AA001638', '1.cp_al_spot_004', 'Minsk', '', 1, 1),
	('001', '001-001-000-000', '001-001-006-000', '001-001-006-006', '4350060112A5', 'Clay Paky', 'Alpha Spot HPE 1500', 'S/N AA001627', '1.cp_al_spot_006', 'Minsk', '', 1, 1),
	('001', '001-001-000-000', '001-001-006-000', '001-001-006-007', '43500601128A', 'Clay Paky', 'Alpha Spot HPE 1500', 'S/N AA001706', '1.cp_al_spot_007', 'Minsk', '', 1, 1),
	('001', '001-001-000-000', '001-001-006-000', '001-001-006-008', '43500601131C', 'Clay Paky', 'Alpha Spot HPE 1500', 'S/N AA00164', '1.cp_al_spot_008', 'Minsk', '', 1, 1),
	('001', '001-001-000-000', '001-001-006-000', '001-001-006-010', '435006015E29', 'Clay Paky', 'Alpha Spot HPE 1500', 'S/N AA001742', '1.cp_al_spot_010', 'Minsk', '', 1, 1),
	('001', '001-001-000-000', '001-001-006-000', '001-001-006-011', '435006011335', 'Clay Paky', 'Alpha Spot HPE 1500', 'S/N AA001631', '1.cp_al_spot_011', 'Minsk', '', 1, 1),
	('001', '001-001-000-000', '001-001-006-000', '001-001-006-012', '43500601123A', 'Clay Paky', 'Alpha Spot HPE 1500', 'S/N AA001705/10', '1.cp_al_spot_012', 'Minsk', '', 1, 1),
	('001', '001-001-000-000', '001-001-006-000', '001-001-006-013', '43500601133F', 'Clay Paky', 'Alpha Spot HPE 1500', 'S/N AA001532', '1.cp_al_spot_013', 'Minsk', '', 1, 1),
	('001', '001-001-000-000', '001-001-006-000', '001-001-006-014', '435006010C1D', 'Clay Paky', 'Alpha Spot HPE 1500', 'S/N AA001745', '1.cp_al_spot_014', 'Minsk', '', 1, 1),
	('001', '001-001-000-000', '001-001-006-000', '001-001-006-015', '43500605862B', 'Clay Paky', 'Alpha Spot HPE 1500', 'S/N AA001744', '1.cp_al_spot_015', 'Minsk', '', 1, 1),
	('001', '001-001-000-000', '001-001-006-000', '001-001-006-016', '435006011281', 'Clay Paky', 'Alpha Spot HPE 1500', 'S/N AA001695', '1.cp_al_spot_016', 'Minsk', '', 1, 1),
	('001', '001-001-000-000', '001-001-006-000', '001-001-006-017', '435006011236', 'Clay Paky', 'Alpha Spot HPE 1500', 'S/N AA007626', '1.cp_al_spot_017', 'Minsk', '', 1, 1),
	('001', '001-001-000-000', '001-001-006-000', '001-001-006-018', '4350060112B0', 'Clay Paky', 'Alpha Spot HPE 1500', 'S/N AA001694', '1.cp_al_spot_018', 'Minsk', '', 1, 1),
	('001', '001-001-000-000', '001-001-006-000', '001-001-006-020', '435006011A9E', 'Clay Paky', 'Alpha Spot HPE 1500', 'S/N AA0013246', '1.cp_al_spot_020', 'Minsk', '', 1, 1),
	('001', '001-001-000-000', '001-001-006-000', '001-001-006-021', '435006018442', 'Clay Paky', 'Alpha Spot HPE 1500', 'S/N AB016517', '1.cp_al_spot_021', 'Minsk', '', 1, 1),
	('001', '001-001-000-000', '001-001-006-000', '001-001-006-022', '435006017128', 'Clay Paky', 'Alpha Spot HPE 1500', 'S/N AB016595/36', '1.cp_al_spot_022', 'Minsk', '', 1, 1),
	('001', '001-001-000-000', '001-001-006-000', '001-001-006-023', '435006011239', 'Clay Paky', 'Alpha Spot HPE 1500', 'S/N AA001628', '1.cp_al_spot_023', 'Minsk', '', 1, 1),
	('001', '001-001-000-000', '001-001-006-000', '001-001-006-024', '4350060185FC', 'Clay Paky', 'Alpha Spot HPE 1500', 'S/N AB016563/36', '1.cp_al_spot_024', 'Minsk', '', 1, 1),
	('001', '001-001-000-000', '001-001-006-000', '001-001-006-025', '4350060185F4', 'Clay Paky', 'Alpha Spot HPE 1500', 'S/N AB019193/47', '1.cp_al_spot_025', 'Minsk', '', 1, 1),
	('001', '001-001-000-000', '001-001-006-000', '001-001-006-026', '435006017092', 'Clay Paky', 'Alpha Spot HPE 1500', 'S/N AB012020', '1.cp_al_spot_026', 'Minsk', '', 1, 1),
	('001', '001-001-000-000', '001-001-007-000', '001-001-007-001', '435018050C3B', 'Clay Paky', 'Alpha Spot QWO 800', 'S/N AC016502', '1.cp_al_QWO_001', 'Minsk', '', 1, 1),
	('001', '001-001-000-000', '001-001-007-000', '001-001-007-002', '43501801D5B0', 'Clay Paky', 'Alpha Spot QWO 800', 'S/N AC016421/37', '1.cp_al_QWO_002', 'Minsk', '', 1, 1),
	('001', '001-001-000-000', '001-001-007-000', '001-001-007-004', '43501801D918', 'Clay Paky', 'Alpha Spot QWO 800', 'S/N AC016441/1', '1.cp_al_QWO_004', 'Minsk', '', 1, 1),
	('001', '001-001-000-000', '001-001-007-000', '001-001-007-005', '43501801D5F4', 'Clay Paky', 'Alpha Spot QWO 800', 'S/N AC016497/39', '1.cp_al_QWO_005', 'Minsk', '', 1, 1),
	('001', '001-001-000-000', '001-001-007-000', '001-001-007-006', '435018050C1E', 'Clay Paky', 'Alpha Spot QWO 800', 'S/N AC016768', '1.cp_al_QWO_006', 'Minsk', '', 1, 1),
	('001', '001-001-000-000', '001-001-007-000', '001-001-007-007', '43501801D61A', 'Clay Paky', 'Alpha Spot QWO 800', 'S/N AC016503/38', '1.cp_al_QWO_007', 'Minsk', '', 1, 1),
	('001', '001-001-000-000', '001-001-007-000', '001-001-007-011', '43501801D92A', 'Clay Paky', 'Alpha Spot QWO 800', 'S/N AC016856/38', '1.cp_al_QWO_011', 'Minsk', '', 1, 1),
	('001', '001-001-000-000', '001-001-007-000', '001-001-007-012', '43501805126C', 'Clay Paky', 'Alpha Spot QWO 800', 'S/N AC016855', '1.cp_al_QWO_012', 'Minsk', '', 1, 1),
	('001', '001-001-000-000', '001-001-007-000', '001-001-007-014', '43501801CD65', 'Clay Paky', 'Alpha Spot QWO 800', 'S/N AC016420', '1.cp_al_QWO_014', 'Minsk', '', 1, 1),
	('001', '001-001-000-000', '001-001-007-000', '001-001-007-015', '435018050C39', 'Clay Paky', 'Alpha Spot QWO 800', 'S/N AC016479', '1.cp_al_QWO_015', 'Minsk', '', 1, 1),
	('001', '001-001-000-000', '001-001-007-000', '001-001-007-016', '4350180511E0', 'Clay Paky', 'Alpha Spot QWO 800', 'S/N AC016632/38', '1.cp_al_QWO_016', 'Minsk', '', 1, 1),
	('001', '001-001-000-000', '001-001-007-000', '001-001-007-017', '435018051263', 'Clay Paky', 'Alpha Spot QWO 800', 'S/N AC016497', '1.cp_al_QWO_017', 'Minsk', '', 1, 1),
	('001', '001-001-000-000', '001-001-007-000', '001-001-007-020', '43501805014D', 'Clay Paky', 'Alpha Spot QWO 800', 'S/N AC016531/38', '1.cp_al_QWO_020', 'Minsk', '', 1, 1),
	('001', '001-001-000-000', '001-001-007-000', '001-001-007-021', '43501801D5B7', 'Clay Paky', 'Alpha Spot QWO 800', 'S/N AI002452', '1.cp_al_QWO_021', 'Minsk', '', 1, 1),
	('001', '001-001-000-000', '001-001-007-000', '001-001-007-022', '43501805126B', 'Clay Paky', 'Alpha Spot QWO 800', 'S/N AC016669/38', '1.cp_al_QWO_022', 'Minsk', '', 1, 1),
	('001', '001-001-000-000', '001-001-007-000', '001-001-007-023', '43501801D5B3', 'Clay Paky', 'Alpha Spot QWO 800', 'S/N AC016534/38', '1.cp_al_QWO_023', 'Minsk', '', 1, 1),
	('001', '001-001-000-000', '001-001-007-000', '001-001-007-024', '43501805124D', 'Clay Paky', 'Alpha Spot QWO 800', 'S/N AC016474/38', '1.cp_al_QWO_024', 'Minsk', '', 1, 1),
	('001', '001-001-000-000', '001-001-007-000', '001-001-007-025', '435018027AAF', 'Clay Paky', 'Alpha Spot QWO 800', 'S/N AG010692', '1.cp_al_QWO_025', 'Minsk', '', 1, 1),
	('001', '001-001-000-000', '001-001-007-000', '001-001-007-026', '435018027AD6', 'Clay Paky', 'Alpha Spot QWO 800', 'S/N AG010696', '1.cp_al_QWO_026', 'Minsk', '', 1, 1),
	('001', '001-001-000-000', '001-001-007-000', '001-001-007-027', '43501805125F', 'Clay Paky', 'Alpha Spot QWO 800', 'S/N AG008382', '1.cp_al_QWO_027', 'Minsk', '', 1, 1),
	('001', '001-001-000-000', '001-001-007-000', '001-001-007-028', '435018027AD2', 'Clay Paky', 'Alpha Spot QWO 800', 'S/N AG010691', '1.cp_al_QWO_028', 'Minsk', '', 1, 1),
	('001', '001-001-000-000', '001-001-008-000', '001-001-008-001', '435020B00068', 'Clay Paky', 'Arolla Profile MP', 'S/N BA100452', '1.cp_arolla_prof_mp_001', 'Minsk', '', 1, 1),
	('001', '001-001-000-000', '001-001-008-000', '001-001-008-009', '435020B0003D', 'Clay Paky', 'Arolla Profile MP', 'S/N BA100459', '1.cp_arolla_prof_mp_009', 'Minsk', '', 1, 1),
	('001', '001-001-000-000', '001-001-008-000', '001-001-008-010', '435020B00030', 'Clay Paky', 'Arolla Profile MP', 'S/N BA100507', '1.cp_arolla_prof_mp_010', 'Minsk', '', 1, 1),
	('001', '001-001-000-000', '001-001-008-000', '001-001-008-012', '435020B00033', 'Clay Paky', 'Arolla Profile MP', 'S/N BA100462', '1.cp_arolla_prof_mp_012', 'Minsk', '', 1, 1),
	('001', '001-001-000-000', '001-001-008-000', '001-001-008-013', '435020B0008A', 'Clay Paky', 'Arolla Profile MP', 'S/N BA100508', '1.cp_arolla_prof_mp_013', 'Minsk', '', 1, 1),
	('001', '001-001-000-000', '001-001-008-000', '001-001-008-016', '435020B0003E', 'Clay Paky', 'Arolla Profile MP', 'S/N BA100447', '1.cp_arolla_prof_mp_016', 'Minsk', '', 1, 1),
	('001', '001-001-000-000', '001-001-008-000', '001-001-008-018', '435020B0007C', 'Clay Paky', 'Arolla Profile MP', 'S/N BA100450', '1.cp_arolla_prof_mp_018', 'Minsk', '', 1, 1),
	('001', '001-001-000-000', '001-001-008-000', '001-001-008-020', '435020B00037', 'Clay Paky', 'Arolla Profile MP', 'S/N BA100510', '1.cp_arolla_prof_mp_020', 'Minsk', '', 1, 1),
	('001', '001-001-000-000', '001-001-008-000', '001-001-008-022', '435020B0002B', 'Clay Paky', 'Arolla Profile MP', 'S/N BA100461', '1.cp_arolla_prof_mp_022', 'Minsk', '', 1, 1),
	('001', '001-001-000-000', '001-001-008-000', '001-001-008-024', '435020B0004B', 'Clay Paky', 'Arolla Profile MP', 'S/N BA100437', '1.cp_arolla_prof_mp_024', 'Minsk', '', 1, 1),
	('001', '001-001-000-000', '001-001-008-000', '001-001-008-025', '435020B0002F', 'Clay Paky', 'Arolla Profile MP', 'S/N BA100451', '1.cp_arolla_prof_mp_025', 'Minsk', '', 1, 1),
	('001', '001-001-000-000', '001-001-008-000', '001-001-008-026', '435020B00034', 'Clay Paky', 'Arolla Profile MP', 'S/N BA100535', '1.cp_arolla_prof_mp_026', 'Minsk', '', 1, 1),
	('001', '001-001-000-000', '001-001-008-000', '001-001-008-028', '435020B0005B', 'Clay Paky', 'Arolla Profile MP', 'S/N BA100444', '1.cp_arolla_prof_mp_028', 'Minsk', '', 1, 1),
	('001', '001-001-000-000', '001-001-008-000', '001-001-008-031', '435020B00041', 'Clay Paky', 'Arolla Profile MP', 'S/N BA100532', '1.cp_arolla_prof_mp_031', 'Minsk', '', 1, 1),
	('001', '001-001-000-000', '001-001-008-000', '001-001-008-032', '435020B00070', 'Clay Paky', 'Arolla Profile MP', 'S/NBA100473', '1.cp_arolla_prof_mp_032', 'Minsk', '', 1, 1),
	('001', '001-001-000-000', '001-001-008-000', '001-001-008-033', '435020B0007D', 'Clay Paky', 'Arolla Profile MP', 'S/N BA100476', '1.cp_arolla_prof_mp_033', 'Minsk', '', 1, 1),
	('001', '001-001-000-000', '001-001-008-000', '001-001-008-034', '435020B00094', 'Clay Paky', 'Arolla Profile MP', 'S/N BA100516', '1.cp_arolla_prof_mp_034', 'Minsk', '', 1, 1),
	('001', '001-001-000-000', '001-001-008-000', '001-001-008-035', '435020B000FD', 'Clay Paky', 'Arolla Profile MP', 'S/N BA101618', '1.cp_arolla_prof_mp_035', 'Minsk', '', 1, 1),
	('001', '001-001-000-000', '001-001-008-000', '001-001-008-036', '435020B000F6', 'Clay Paky', 'Arolla Profile MP', 'S/N BA100622', '1.cp_arolla_prof_mp_036', 'Minsk', '', 1, 1),
	('001', '001-001-000-000', '001-001-008-000', '001-001-008-037', '435020B0002A', 'Clay Paky', 'Arolla Profile MP', 'S/N BA100455', '1.cp_arolla_prof_mp_037', 'Minsk', '', 1, 1),
	('001', '001-001-000-000', '001-001-008-000', '001-001-008-038', '435020B0004A', 'Clay Paky', 'Arolla Profile MP', 'S/N BA100456', '1.cp_arolla_prof_mp_038', 'Minsk', '', 1, 1),
	('001', '001-001-000-000', '001-001-008-000', '001-001-008-039', '435020B00096', 'Clay Paky', 'Arolla Profile MP', 'S/N BA100478', '1.cp_arolla_prof_mp_039', 'Minsk', '', 1, 1),
	('001', '001-001-000-000', '001-001-008-000', '001-001-008-040', '435020B00089', 'Clay Paky', 'Arolla Profile MP', 'S/N BA100513', '1.cp_arolla_prof_mp_040', 'Minsk', '', 1, 1),
	('001', '001-001-000-000', '001-001-008-000', '001-001-008-042', '435020B00027', 'Clay Paky', 'Arolla Profile MP', 'S/N BA100442', '1.cp_arolla_prof_mp_042', 'Minsk', '', 1, 1),
	('001', '001-001-000-000', '001-001-009-000', '001-001-009-001', '435002B00908', 'Clay Paky', 'Axcor Beam 300', 'S/N AH105297', '1.cp_axcor_b_300_001', 'Minsk', '', 1, 1),
	('001', '001-001-000-000', '001-001-009-000', '001-001-009-003', '435002B0083F', 'Clay Paky', 'Axcor Beam 300', 'S/N AH105097', '1.cp_axcor_b_300_003', 'Minsk', '', 1, 1),
	('001', '001-001-000-000', '001-001-009-000', '001-001-009-004', '435002B00907', 'Clay Paky', 'Axcor Beam 300', 'S/N AH105296', '1.cp_axcor_b_300_004', 'Minsk', '', 1, 1),
	('001', '001-001-000-000', '001-001-009-000', '001-001-009-006', '435002B00966', 'Clay Paky', 'Axcor Beam 300', 'S/N AH105391', '1.cp_axcor_b_300_006', 'Minsk', '', 1, 1),
	('001', '001-001-000-000', '001-001-009-000', '001-001-009-007', '435002B000E2', 'Clay Paky', 'Axcor Beam 300', 'S/N AG100226', '1.cp_axcor_b_300_007', 'Minsk', '', 1, 1),
	('001', '001-001-000-000', '001-001-009-000', '001-001-009-008', '435002B0083E', 'Clay Paky', 'Axcor Beam 300', 'S/N AH105096', '1.cp_axcor_b_300_008', 'Minsk', '', 1, 1),
	('001', '001-001-000-000', '001-001-009-000', '001-001-009-009', '435002B001BB', 'Clay Paky', 'Axcor Beam 300', 'S/N AG100372', '1.cp_axcor_b_300_009', 'Minsk', '', 1, 1),
	('001', '001-001-000-000', '001-001-009-000', '001-001-009-010', '435002B00038', 'Clay Paky', 'Axcor Beam 300', 'S/N AG100037', '1.cp_axcor_b_300_010', 'Minsk', '', 1, 1),
	('001', '001-001-000-000', '001-001-009-000', '001-001-009-011', '435002B00837', 'Clay Paky', 'Axcor Beam 300', 'S/N AH105089', '1.cp_axcor_b_300_011', 'Minsk', '', 1, 1),
	('001', '001-001-000-000', '001-001-009-000', '001-001-009-012', '435002B001BA', 'Clay Paky', 'Axcor Beam 300', 'S/N AG100370', '1.cp_axcor_b_300_012', 'Minsk', '', 1, 1),
	('001', '001-001-000-000', '001-001-009-000', '001-001-009-013', '435002B0002A', 'Clay Paky', 'Axcor Beam 300', 'S/N AG100051', '1.cp_axcor_b_300_013', 'Minsk', '', 1, 1),
	('001', '001-001-000-000', '001-001-009-000', '001-001-009-014', '435002B00906', 'Clay Paky', 'Axcor Beam 300', 'S/N AH105295', '1.cp_axcor_b_300_014', 'Minsk', '', 1, 1),
	('001', '001-001-000-000', '001-001-009-000', '001-001-009-016', '435002B00C9B', 'Clay Paky', 'Axcor Beam 300', 'S/N AG100227', '1.cp_axcor_b_300_016', 'Minsk', '', 1, 1),
	('001', '001-001-000-000', '001-001-009-000', '001-001-009-017', '435002B00899', 'Clay Paky', 'Axcor Beam 300', 'S/N AH105186', '1.cp_axcor_b_300_017', 'Minsk', '', 1, 1),
	('001', '001-001-000-000', '001-001-009-000', '001-001-009-018', '435002B00120', 'Clay Paky', 'Axcor Beam 300', 'S/N AG100318', '1.cp_axcor_b_300_018', 'Minsk', '', 1, 1),
	('001', '001-001-000-000', '001-001-009-000', '001-001-009-019', '435002B0095C', 'Clay Paky', 'Axcor Beam 300', 'S/N AH105381', '1.cp_axcor_b_300_019', 'Minsk', '', 1, 1),
	('001', '001-001-000-000', '001-001-009-000', '001-001-009-021', '435002B00898', 'Clay Paky', 'Axcor Beam 300', 'S/N AH105185', '1.cp_axcor_b_300_021', 'Minsk', '', 1, 1),
	('001', '001-001-000-000', '001-001-009-000', '001-001-009-022', '435002B00895', 'Clay Paky', 'Axcor Beam 300', 'S/N AH105182', '1.cp_axcor_b_300_022', 'Minsk', '', 1, 1),
	('001', '001-001-000-000', '001-001-009-000', '001-001-009-025', '435002B00937', 'Clay Paky', 'Axcor Beam 300', 'S/N AH105344', '1.cp_axcor_b_300_025', 'Minsk', '', 1, 1),
	('001', '001-001-000-000', '001-001-009-000', '001-001-009-029', '435002B0089A', 'Clay Paky', 'Axcor Beam 300', 'S/N AH105187', '1.cp_axcor_b_300_029', 'Minsk', '', 1, 1),
	('001', '001-001-000-000', '001-001-009-000', '001-001-009-031', '435002B008A1', 'Clay Paky', 'Axcor Beam 300', 'S/N AH105194', '1.cp_axcor_b_300_031', 'Minsk', '', 1, 1),
	('001', '001-001-000-000', '001-001-009-000', '001-001-009-032', '435002B0083C', 'Clay Paky', 'Axcor Beam 300', 'S/N AH105094', '1.cp_axcor_b_300_032', 'Minsk', '', 1, 1),
	('001', '001-001-000-000', '001-001-009-000', '001-001-009-033', '435002B00901', 'Clay Paky', 'Axcor Beam 300', 'S/N AG103310', '1.cp_axcor_b_300_033', 'Minsk', '', 1, 1),
	('001', '001-001-000-000', '001-001-009-000', '001-001-009-034', '435002B000EB', 'Clay Paky', 'Axcor Beam 300', 'S/N AG100233', '1.cp_axcor_b_300_034', 'Minsk', '', 1, 1),
	('001', '001-001-000-000', '001-001-009-000', '001-001-009-035', '435002B000DE', 'Clay Paky', 'Axcor Beam 300', 'S/N AG100220', '1.cp_axcor_b_300_035', 'Minsk', '', 1, 1),
	('001', '001-001-000-000', '001-001-009-000', '001-001-009-036', '435002B00083', 'Clay Paky', 'Axcor Beam 300', 'S/N AG100178', '1.cp_axcor_b_300_036', 'Minsk', '', 1, 1),
	('001', '001-001-000-000', '001-001-009-000', '001-001-009-038', '435002B00959', 'Clay Paky', 'Axcor Beam 300', 'S/N AH105378', '1.cp_axcor_b_300_038', 'Minsk', '', 1, 1),
	('001', '001-001-000-000', '001-001-009-000', '001-001-009-040', '435002B008FE', 'Clay Paky', 'Axcor Beam 300', 'S/N AH105287', '1.cp_axcor_b_300_040', 'Minsk', '', 1, 1),
	('001', '001-001-000-000', '001-001-009-000', '001-001-009-041', '435002B00035', 'Clay Paky', 'Axcor Beam 300', 'S/N AG100040', '1.cp_axcor_b_300_041', 'Minsk', '', 1, 1),
	('001', '001-001-000-000', '001-001-009-000', '001-001-009-042', '435002B00838', 'Clay Paky', 'Axcor Beam 300', 'S/N AH105090', '1.cp_axcor_b_300_042', 'Minsk', '', 1, 1),
	('001', '001-001-000-000', '001-001-009-000', '001-001-009-043', '435002B001BD', 'Clay Paky', 'Axcor Beam 300', 'S/N AG100369', '1.cp_axcor_b_300_043', 'Minsk', '', 1, 1),
	('001', '001-001-000-000', '001-001-009-000', '001-001-009-044', '435002B001A0', 'Clay Paky', 'Axcor Beam 300', 'S/N AG100384', '1.cp_axcor_b_300_044', 'Minsk', '', 1, 1),
	('001', '001-001-000-000', '001-001-009-000', '001-001-009-047', '435002B001A7', 'Clay Paky', 'Axcor Beam 300', 'S/N AG100366', '1.cp_axcor_b_300_047', 'Minsk', '', 1, 1),
	('001', '001-001-000-000', '001-001-009-000', '001-001-009-048', '435002B0018F', 'Clay Paky', 'Axcor Beam 300', 'S/N AG100393', '1.cp_axcor_b_300_048', 'Minsk', '', 1, 1),
	('001', '001-001-000-000', '001-001-009-000', '001-001-009-051', '435002B01017', 'Clay Paky', 'Axcor Beam 300', 'S/N AH105341', '1.cp_axcor_b_300_051', 'Minsk', '', 1, 1),
	('001', '001-001-000-000', '001-001-009-000', '001-001-009-052', '435002B00056', 'Clay Paky', 'Axcor Beam 300', 'S/N AH105304', '1.cp_axcor_b_300_052', 'Minsk', '', 1, 1),
	('001', '001-001-000-000', '001-001-009-000', '001-001-009-053', '435002B00844', 'Clay Paky', 'Axcor Beam 300', 'S/N AH105102', '1.cp_axcor_b_300_053', 'Minsk', '', 1, 1),
	('001', '001-001-000-000', '001-001-009-000', '001-001-009-055', '435002B00839', 'Clay Paky', 'Axcor Beam 300', 'S/N AH105091', '1.cp_axcor_b_300_055', 'Minsk', '', 1, 1),
	('001', '001-001-000-000', '001-001-009-000', '001-001-009-056', '435002B0090C', 'Clay Paky', 'Axcor Beam 300', 'S/N AG100031', '1.cp_axcor_b_300_056', 'Minsk', '', 1, 1),
	('001', '001-001-000-000', '001-001-009-000', '001-001-009-057', '435002B00961', 'Clay Paky', 'Axcor Beam 300', 'S/N AH105386', '1.cp_axcor_b_300_057', 'Minsk', '', 1, 1),
	('001', '001-001-000-000', '001-001-009-000', '001-001-009-058', '435002B0083D', 'Clay Paky', 'Axcor Beam 300', 'S/N AH105095', '1.cp_axcor_b_300_058', 'Minsk', '', 1, 1),
	('001', '001-001-000-000', '001-001-009-000', '001-001-009-060', '435002B0003F', 'Clay Paky', 'Axcor Beam 300', 'S/N AG100079', '1.cp_axcor_b_300_060', 'Minsk', '', 1, 1),
	('001', '001-001-000-000', '001-001-009-000', '001-001-009-061', '435002B00935', 'Clay Paky', 'Axcor Beam 300', 'S/N AH105342', '1.cp_axcor_b_300_061', 'Minsk', '', 1, 1),
	('001', '001-001-000-000', '001-001-009-000', '001-001-009-062', '435002B00939', 'Clay Paky', 'Axcor Beam 300', 'S/N AH105346', '1.cp_axcor_b_300_062', 'Minsk', '', 1, 1),
	('001', '001-001-000-000', '001-001-009-000', '001-001-009-063', '435002B00936', 'Clay Paky', 'Axcor Beam 300', 'S/N AH105343', '1.cp_axcor_b_300_063', 'Minsk', '', 1, 1),
	('001', '001-001-000-000', '001-001-009-000', '001-001-009-066', '435002B001C0', 'Clay Paky', 'Axcor Beam 300', 'S/N AG100364', '1.cp_axcor_b_300_066', 'Minsk', '', 1, 1),
	('001', '001-001-000-000', '001-001-009-000', '001-001-009-067', '435002B00903', 'Clay Paky', 'Axcor Beam 300', 'S/N AH105292', '1.cp_axcor_b_300_067', 'Minsk', '', 1, 1),
	('001', '001-001-000-000', '001-001-009-000', '001-001-009-069', '435002B0095A', 'Clay Paky', 'Axcor Beam 300', 'S/N AH105379', '1.cp_axcor_b_300_069', 'Minsk', '', 1, 1),
	('001', '001-001-000-000', '001-001-009-000', '001-001-009-070', '435002B00900', 'Clay Paky', 'Axcor Beam 300', 'S/N AH105289', '1.cp_axcor_b_300_070', 'Minsk', '', 1, 1),
	('001', '001-001-000-000', '001-001-009-000', '001-001-009-073', '435002B008A2', 'Clay Paky', 'Axcor Beam 300', 'S/N AH105195', '1.cp_axcor_b_300_073', 'Minsk', '', 1, 1),
	('001', '001-001-000-000', '001-001-009-000', '001-001-009-075', '435002B001C1', 'Clay Paky', 'Axcor Beam 300', 'S/N AG100367', '1.cp_axcor_b_300_075', 'Minsk', '', 1, 1),
	('001', '001-001-000-000', '001-001-009-000', '001-001-009-080', '435002B0089E', 'Clay Paky', 'Axcor Beam 300', 'S/N AH105291', '1.cp_axcor_b_300_080', 'Minsk', '', 1, 1),
	('001', '001-001-000-000', '001-001-009-000', '001-001-009-081', '435002B00943', 'Clay Paky', 'Axcor Beam 300', 'S/N AH105356', '1.cp_axcor_b_300_081', 'Minsk', '', 1, 1),
	('001', '001-001-000-000', '001-001-009-000', '001-001-009-082', '435002B000F6', 'Clay Paky', 'Axcor Beam 300', 'S/N AG100031', '1.cp_axcor_b_300_082', 'Minsk', '', 1, 1),
	('001', '001-001-000-000', '001-001-009-000', '001-001-009-083', '435002B0090E', 'Clay Paky', 'Axcor Beam 300', 'S/N AH105303', '1.cp_axcor_b_300_083', 'Minsk', '', 1, 1),
	('001', '001-001-000-000', '001-001-009-000', '001-001-009-084', '435002B0093B', 'Clay Paky', 'Axcor Beam 300', 'S/N AH105348', '1.cp_axcor_b_300_084', 'Minsk', '', 1, 1),
	('001', '001-001-000-000', '001-001-009-000', '001-001-009-086', '435002B008A3', 'Clay Paky', 'Axcor Beam 300', 'S/N AH105196', '1.cp_axcor_b_300_086', 'Minsk', '', 1, 1),
	('001', '001-001-000-000', '001-001-009-000', '001-001-009-087', '435002B00846', 'Clay Paky', 'Axcor Beam 300', 'S/N AH105104', '1.cp_axcor_b_300_087', 'Minsk', '', 1, 1),
	('001', '001-001-000-000', '001-001-009-000', '001-001-009-088', '435002B00905', 'Clay Paky', 'Axcor Beam 300', 'S/N AH105294', '1.cp_axcor_b_300_088', 'Minsk', '', 1, 1),
	('001', '001-001-000-000', '001-001-009-000', '001-001-009-090', '435002B0019C', 'Clay Paky', 'Axcor Beam 300', 'S/N AG100387', '1.cp_axcor_b_300_090', 'Minsk', '', 1, 1),
	('001', '001-001-000-000', '001-001-009-000', '001-001-009-091', '435002B008FF', 'Clay Paky', 'Axcor Beam 300', 'S/N AH105288', '1.cp_axcor_b_300_091', 'Minsk', '', 1, 1),
	('001', '001-001-000-000', '001-001-009-000', '001-001-009-092', '435002B0012C', 'Clay Paky', 'Axcor Beam 300', 'S/N AG100322', '1.cp_axcor_b_300_092', 'Minsk', '', 1, 1),
	('001', '001-001-000-000', '001-001-009-000', '001-001-009-093', '435002B00938', 'Clay Paky', 'Axcor Beam 300', 'S/N AH105345', '1.cp_axcor_b_300_093', 'Minsk', '', 1, 1),
	('001', '001-001-000-000', '001-001-009-000', '001-001-009-094', '435002B00055', 'Clay Paky', 'Axcor Beam 300', 'S/N AG100101', '1.cp_axcor_b_300_094', 'Minsk', '', 1, 1),
	('001', '001-001-000-000', '001-001-009-000', '001-001-009-095', '435002B000DF', 'Clay Paky', 'Axcor Beam 300', 'S/N AG100221', '1.cp_axcor_b_300_095', 'Minsk', '', 1, 1),
	('001', '001-001-000-000', '001-001-009-000', '001-001-009-097', '435002B0090B', 'Clay Paky', 'Axcor Beam 300', 'S/N AH105300', '1.cp_axcor_b_300_097', 'Minsk', '', 1, 1),
	('001', '001-001-000-000', '001-001-009-000', '001-001-009-098', '435002B000E7', 'Clay Paky', 'Axcor Beam 300', 'S/N AH105190', '1.cp_axcor_b_300_098', 'Minsk', '', 1, 1),
	('001', '001-001-000-000', '001-001-009-000', '001-001-009-099', '435002B00942', 'Clay Paky', 'Axcor Beam 300', 'S/N AH105355', '1.cp_axcor_b_300_099', 'Minsk', '', 1, 1),
	('001', '001-001-000-000', '001-001-009-000', '001-001-009-100', '435002B0083B', 'Clay Paky', 'Axcor Beam 300', 'S/N AH105093', '1.cp_axcor_b_300_100', 'Minsk', '', 1, 1),
	('001', '001-001-000-000', '001-001-009-000', '001-001-009-101', '435002B00893', 'Clay Paky', 'Axcor Beam 300', 'S/N AH105180', '1.cp_axcor_b_300_101', 'Minsk', '', 1, 1),
	('001', '001-001-000-000', '001-001-009-000', '001-001-009-102', '435002B00945', 'Clay Paky', 'Axcor Beam 300', 'S/N AH105358', '1.cp_axcor_b_300_102', 'Minsk', '', 1, 1),
	('001', '001-001-000-000', '001-001-009-000', '001-001-009-104', '435002B0089C', 'Clay Paky', 'Axcor Beam 300', 'S/N AH105189', '1.cp_axcor_b_300_104', 'Minsk', '', 1, 1),
	('001', '001-001-000-000', '001-001-009-000', '001-001-009-105', '435002B00894', 'Clay Paky', 'Axcor Beam 300', 'S/N AH105181', '1.cp_axcor_b_300_105', 'Minsk', '', 1, 1),
	('001', '001-001-000-000', '001-001-009-000', '001-001-009-106', '435002B0093A', 'Clay Paky', 'Axcor Beam 300', 'S/N AG100343', '1.cp_axcor_b_300_106', 'Minsk', '', 1, 1),
	('001', '001-001-000-000', '001-001-009-000', '001-001-009-107', '435002B00967', 'Clay Paky', 'Axcor Beam 300', 'S/N AH105392', '1.cp_axcor_b_300_107', 'Minsk', '', 1, 1),
	('001', '001-001-000-000', '001-001-009-000', '001-001-009-108', '435002B00CAB', 'Clay Paky', 'Axcor Beam 300', 'S/N AG100368', '1.cp_axcor_b_300_108', 'Minsk', '', 1, 1),
	('001', '001-001-000-000', '001-001-009-000', '001-001-009-111', '435002B0089F', 'Clay Paky', 'Axcor Beam 300', 'S/N AH105192', '1.cp_axcor_b_300_111', 'Minsk', '', 1, 1),
	('001', '001-001-000-000', '001-001-009-000', '001-001-009-113', '435002B0017A', 'Clay Paky', 'Axcor Beam 300', 'S/N AG100389', '1.cp_axcor_b_300_113', 'Minsk', '', 1, 1),
	('001', '001-001-000-000', '001-001-009-000', '001-001-009-115', '435002B001B0', 'Clay Paky', 'Axcor Beam 300', 'S/N AG100376', '1.cp_axcor_b_300_115', 'Minsk', '', 1, 1),
	('001', '001-001-000-000', '001-001-009-000', '001-001-009-117', '435002B0090D', 'Clay Paky', 'Axcor Beam 300', 'S/N AH105302', '1.cp_axcor_b_300_117', 'Minsk', '', 1, 1),
	('001', '001-001-000-000', '001-001-009-000', '001-001-009-119', '435002B0093D', 'Clay Paky', 'Axcor Beam 300', 'S/N AH105350', '1.cp_axcor_b_300_119', 'Minsk', '', 1, 1),
	('001', '001-001-000-000', '001-001-009-000', '001-001-009-120', '435002B0089B', 'Clay Paky', 'Axcor Beam 300', 'S/N AH105188', '1.cp_axcor_b_300_120', 'Minsk', '', 1, 1),
	('001', '001-001-000-000', '001-001-009-000', '001-001-009-122', '435002B000C1', 'Clay Paky', 'Axcor Beam 300', 'S/N AG100356', '1.cp_axcor_b_300_122', 'Minsk', '', 1, 1),
	('001', '001-001-000-000', '001-001-009-000', '001-001-009-123', '435002B0083A', 'Clay Paky', 'Axcor Beam 300', 'S/N AH105092', '1.cp_axcor_b_300_123', 'Minsk', '', 1, 1),
	('001', '001-001-000-000', '001-001-009-000', '001-001-009-124', '435002B00CAE', 'Clay Paky', 'Axcor Beam 300', 'S/N AG100232', '1.cp_axcor_b_300_124', 'Minsk', '', 1, 1),
	('001', '001-001-000-000', '001-001-009-000', '001-001-009-125', '435002B00847', 'Clay Paky', 'Axcor Beam 300', 'S/N AH105105', '1.cp_axcor_b_300_125', 'Minsk', '', 1, 1),
	('001', '001-001-000-000', '001-001-009-000', '001-001-009-126', '435002B00960', 'Clay Paky', 'Axcor Beam 300', 'S/N AH105385', '1.cp_axcor_b_300_126', 'Minsk', '', 1, 1),
	('001', '001-001-000-000', '001-001-009-000', '001-001-009-128', '435002B01025', 'Clay Paky', 'Axcor Beam 300', 'S/N AG100097', '1.cp_axcor_b_300_128', 'Minsk', '', 1, 1),
	('001', '001-001-000-000', '001-001-009-000', '001-001-009-129', '435002B01031', 'Clay Paky', 'Axcor Beam 300', 'S/N AG100053', '1.cp_axcor_b_300_129', 'Minsk', '', 1, 1),
	('001', '001-001-000-000', '001-001-010-000', '001-001-010-001', '43503C058DD9', 'Clay Paky', 'Axcor Profile 600', 'S/N AH011841', '1.cp_axcor_p_600_001', 'Minsk', '', 1, 1),
	('001', '001-001-000-000', '001-001-010-000', '001-001-010-002', '43503C0587E3', 'Clay Paky', 'Axcor Profile 600', 'S/N AH009178', '1.cp_axcor_p_600_002', 'Minsk', '', 1, 1),
	('001', '001-001-000-000', '001-001-010-000', '001-001-010-003', '43503C059162', 'Clay Paky', 'Axcor Profile 600', 'S/N AH011302', '1.cp_axcor_p_600_003', 'Minsk', '', 1, 1),
	('001', '001-001-000-000', '001-001-010-000', '001-001-010-004', '43503C057328', 'Clay Paky', 'Axcor Profile 600', 'S/N AH009155', '1.cp_axcor_p_600_004', 'Minsk', '', 1, 1),
	('001', '001-001-000-000', '001-001-010-000', '001-001-010-005', '43503C059180', 'Clay Paky', 'Axcor Profile 600', 'S/N AH011357', '1.cp_axcor_p_600_005', 'Minsk', '', 1, 1),
	('001', '001-001-000-000', '001-001-010-000', '001-001-010-006', '43503C058739', 'Clay Paky', 'Axcor Profile 600', 'S/N  AH010718', '1.cp_axcor_p_600_006', 'Minsk', '', 1, 1),
	('001', '001-001-000-000', '001-001-010-000', '001-001-010-007', '43503C057402', 'Clay Paky', 'Axcor Profile 600', 'S/N AH010360', '1.cp_axcor_p_600_007', 'Minsk', '', 1, 1),
	('001', '001-001-000-000', '001-001-010-000', '001-001-010-010', '43503C058E77', 'Clay Paky', 'Axcor Profile 600', 'S/N AH011363', '1.cp_axcor_p_600_010', 'Minsk', '', 1, 1),
	('001', '001-001-000-000', '001-001-010-000', '001-001-010-011', '43503C05689E', 'Clay Paky', 'Axcor Profile 600', 'S/N AH010319', '1.cp_axcor_p_600_011', 'Minsk', '', 1, 1),
	('001', '001-001-000-000', '001-001-010-000', '001-001-010-012', '43503C057446', 'Clay Paky', 'Axcor Profile 600', 'S/N AH010400', '1.cp_axcor_p_600_012', 'Minsk', '', 1, 1),
	('001', '001-001-000-000', '001-001-010-000', '001-001-010-013', '43503C058D5C', 'Clay Paky', 'Axcor Profile 600', 'S/N AH009359', '1.cp_axcor_p_600_013', 'Minsk', '', 1, 1),
	('001', '001-001-000-000', '001-001-010-000', '001-001-010-014', '43503C05740E', 'Clay Paky', 'Axcor Profile 600', 'S/N  AH010339', '1.cp_axcor_p_600_014', 'Minsk', '', 1, 1),
	('001', '001-001-000-000', '001-001-010-000', '001-001-010-015', '43503C058185', 'Clay Paky', 'Axcor Profile 600', 'S/N AH011344', '1.cp_axcor_p_600_015', 'Minsk', '', 1, 1),
	('001', '001-001-000-000', '001-001-010-000', '001-001-010-016', '43503C0580E4', 'Clay Paky', 'Axcor Profile 600', 'S/N AH011343', '1.cp_axcor_p_600_016', 'Minsk', '', 1, 1),
	('001', '001-001-000-000', '001-001-010-000', '001-001-010-017', '43503C058E18', 'Clay Paky', 'Axcor Profile 600', 'S/N AH011308', '1.cp_axcor_p_600_017', 'Minsk', '', 1, 1),
	('001', '001-001-000-000', '001-001-010-000', '001-001-010-018', '43503C059179', 'Clay Paky', 'Axcor Profile 600', 'S/N AH011291', '1.cp_axcor_p_600_018', 'Minsk', '', 1, 1),
	('001', '001-001-000-000', '001-001-010-000', '001-001-010-019', '43503C0574D3', 'Clay Paky', 'Axcor Profile 600', 'S/N AH009156', '1.cp_axcor_p_600_019', 'Minsk', '', 1, 1),
	('001', '001-001-000-000', '001-001-010-000', '001-001-010-020', '43503C057324', 'Clay Paky', 'Axcor Profile 600', 'S/N AH009232', '1.cp_axcor_p_600_020', 'Minsk', '', 1, 1),
	('001', '001-001-000-000', '001-001-010-000', '001-001-010-021', '43503C056962', 'Clay Paky', 'Axcor Profile 600', 'S/N AH009249', '1.cp_axcor_p_600_021', 'Minsk', '', 1, 1),
	('001', '001-001-000-000', '001-001-010-000', '001-001-010-022', '43503C0568CF', 'Clay Paky', 'Axcor Profile 600', 'S/N AH009295', '1.cp_axcor_p_600_022', 'Minsk', '', 1, 1),
	('001', '001-001-000-000', '001-001-010-000', '001-001-010-023', '43503C058555', 'Clay Paky', 'Axcor Profile 600', 'S/N AH010401', '1.cp_axcor_p_600_023', 'Minsk', '', 1, 1),
	('001', '001-001-000-000', '001-001-010-000', '001-001-010-024', '43503C057303', 'Clay Paky', 'Axcor Profile 600', 'S/N AH009304', '1.cp_axcor_p_600_024', 'Minsk', '', 1, 1),
	('001', '001-001-000-000', '001-001-010-000', '001-001-010-026', '43503C058746', 'Clay Paky', 'Axcor Profile 600', 'S/N AH010264', '1.cp_axcor_p_600_026', 'Minsk', '', 1, 1),
	('001', '001-001-000-000', '001-001-010-000', '001-001-010-027', '43503C05817A', 'Clay Paky', 'Axcor Profile 600', 'S/N AH011345', '1.cp_axcor_p_600_027', 'Minsk', '', 1, 1),
	('001', '001-001-000-000', '001-001-010-000', '001-001-010-028', '43503C059143', 'Clay Paky', 'Axcor Profile 600', 'S/N AH011356', '1.cp_axcor_p_600_028', 'Minsk', '', 1, 1),
	('001', '001-001-000-000', '001-001-010-000', '001-001-010-029', '43503C058E4C', 'Clay Paky', 'Axcor Profile 600', 'S/N  AH010362', '1.cp_axcor_p_600_029', 'Minsk', '', 1, 1),
	('001', '001-001-000-000', '001-001-010-000', '001-001-010-030', '43503C058A95', 'Clay Paky', 'Axcor Profile 600', 'S/N AH011356', '1.cp_axcor_p_600_030', 'Minsk', '', 1, 1),
	('001', '001-001-000-000', '001-001-010-000', '001-001-010-031', '43503C057349', 'Clay Paky', 'Axcor Profile 600', 'S/N AH010363', '1.cp_axcor_p_600_031', 'Minsk', '', 1, 1),
	('001', '001-001-000-000', '001-001-010-000', '001-001-010-032', '43503C058E73', 'Clay Paky', 'Axcor Profile 600', 'S/N AH009324', '1.cp_axcor_p_600_032', 'Minsk', '', 1, 1),
	('001', '001-001-000-000', '001-001-010-000', '001-001-010-033', '43503C0567AD', 'Clay Paky', 'Axcor Profile 600', 'S/N AH010340', '1.cp_axcor_p_600_033', 'Minsk', '', 1, 1),
	('001', '001-001-000-000', '001-001-010-000', '001-001-010-034', '43503C0568CB', 'Clay Paky', 'Axcor Profile 600', 'S/N AH009241', '1.cp_axcor_p_600_034', 'Minsk', '', 1, 1),
	('001', '001-001-000-000', '001-001-010-000', '001-001-010-035', '43503C0570C2', 'Clay Paky', 'Axcor Profile 600', 'S/N AH040332', '1.cp_axcor_p_600_035', 'Minsk', '', 1, 1),
	('001', '001-001-000-000', '001-001-010-000', '001-001-010-036', '43503C0591C6', 'Clay Paky', 'Axcor Profile 600', 'S/N AH011342', '1.cp_axcor_p_600_036', 'Minsk', '', 1, 1),
	('001', '001-001-000-000', '001-001-010-000', '001-001-010-037', '43503C0571C2', 'Clay Paky', 'Axcor Profile 600', 'S/N AH010262', '1.cp_axcor_p_600_037', 'Minsk', '', 1, 1),
	('001', '001-001-000-000', '001-001-010-000', '001-001-010-038', '43503C0587FA', 'Clay Paky', 'Axcor Profile 600', 'S/N AH009187', '1.cp_axcor_p_600_038', 'Minsk', '', 1, 1),
	('001', '001-001-000-000', '001-001-010-000', '001-001-010-039', '43503C058809', 'Clay Paky', 'Axcor Profile 600', 'S/N AH009184', '1.cp_axcor_p_600_039', 'Minsk', '', 1, 1),
	('001', '001-001-000-000', '001-001-010-000', '001-001-010-040', '43503C057391', 'Clay Paky', 'Axcor Profile 600', 'S/N AH010358', '1.cp_axcor_p_600_040', 'Minsk', '', 1, 1),
	('001', '001-001-000-000', '001-001-010-000', '001-001-010-041', '43503C058E2A', 'Clay Paky', 'Axcor Profile 600', 'S/N AH011362', '1.cp_axcor_p_600_041', 'Minsk', '', 1, 1),
	('001', '001-001-000-000', '001-001-010-000', '001-001-010-042', '43503C058E1E', 'Clay Paky', 'Axcor Profile 600', 'S/N AH011292', '1.cp_axcor_p_600_042', 'Minsk', '', 1, 1),
	('001', '001-001-000-000', '001-001-010-000', '001-001-010-043', '43503C05695E', 'Clay Paky', 'Axcor Profile 600', 'S/N AH010312', '1.cp_axcor_p_600_043', 'Minsk', '', 1, 1),
	('001', '001-001-000-000', '001-001-010-000', '001-001-010-044', '43503C058562', 'Clay Paky', 'Axcor Profile 600', 'S/N  AH010261', '1.cp_axcor_p_600_044', 'Minsk', '', 1, 1),
	('001', '001-001-000-000', '001-001-010-000', '001-001-010-045', '43503C057320', 'Clay Paky', 'Axcor Profile 600', 'S/N AH010402', '1.cp_axcor_p_600_045', 'Minsk', '', 1, 1),
	('001', '001-001-000-000', '001-001-010-000', '001-001-010-046', '43503C058A9C', 'Clay Paky', 'Axcor Profile 600', 'S/N AH009235', '1.cp_axcor_p_600_046', 'Minsk', '', 1, 1),
	('001', '001-001-000-000', '001-001-010-000', '001-001-010-047', '43503C058A9D', 'Clay Paky', 'Axcor Profile 600', 'S/N AH009157', '1.cp_axcor_p_600_047', 'Minsk', '', 1, 1),
	('001', '001-001-000-000', '001-001-010-000', '001-001-010-048', '43503C057407', 'Clay Paky', 'Axcor Profile 600', 'S/N AH010408', '1.cp_axcor_p_600_048', 'Minsk', '', 1, 1),
	('001', '001-001-000-000', '001-001-010-000', '001-001-010-049', '43503C0568A9', 'Clay Paky', 'Axcor Profile 600', 'S/N AH010263', '1.cp_axcor_p_600_049', 'Minsk', '', 1, 1),
	('001', '001-001-000-000', '001-001-010-000', '001-001-010-051', '43503C0573FA', 'Clay Paky', 'Axcor Profile 600', 'S/N AH010367', '1.cp_axcor_p_600_051', 'Minsk', '', 1, 1),
	('001', '001-001-000-000', '001-001-010-000', '001-001-010-052', '43503C0571CC', 'Clay Paky', 'Axcor Profile 600', 'S/N AH009190', '1.cp_axcor_p_600_052', 'Minsk', '', 1, 1),
	('001', '001-001-000-000', '001-001-010-000', '001-001-010-053', '43503C058E5C', 'Clay Paky', 'Axcor Profile 600', 'S/N AH010631', '1.cp_axcor_p_600_053', 'Minsk', '', 1, 1),
	('001', '001-001-000-000', '001-001-010-000', '001-001-010-054', '43503C059176', 'Clay Paky', 'Axcor Profile 600', 'S/N AH011307', '1.cp_axcor_p_600_054', 'Minsk', '', 1, 1),
	('001', '001-001-000-000', '001-001-010-000', '001-001-010-055', '43503C0574B2', 'Clay Paky', 'Axcor Profile 600', 'S/N AH009233', '1.cp_axcor_p_600_055', 'Minsk', '', 1, 1),
	('001', '001-001-000-000', '001-001-010-000', '001-001-010-056', '43503C0587EB', 'Clay Paky', 'Axcor Profile 600', 'S/N AH009335', '1.cp_axcor_p_600_056', 'Minsk', '', 1, 1),
	('001', '001-001-000-000', '001-001-010-000', '001-001-010-057', '43503C0587F8', 'Clay Paky', 'Axcor Profile 600', 'S/N AH010338', '1.cp_axcor_p_600_057', 'Minsk', '', 1, 1),
	('001', '001-001-000-000', '001-001-010-000', '001-001-010-058', '43503C0567FA', 'Clay Paky', 'Axcor Profile 600', 'S/N AH009179', '1.cp_axcor_p_600_058', 'Minsk', '', 1, 1),
	('001', '001-001-000-000', '001-001-010-000', '001-001-010-059', '43503C05733E', 'Clay Paky', 'Axcor Profile 600', 'S/N  AH010388', '1.cp_axcor_p_600_059', 'Minsk', '', 1, 1),
	('001', '001-001-000-000', '001-001-010-000', '001-001-010-060', '43503C058DFA', 'Clay Paky', 'Axcor Profile 600', 'S/N AH010265', '1.cp_axcor_p_600_060', 'Minsk', '', 1, 1),
	('001', '001-001-000-000', '001-001-010-000', '001-001-010-061', '43503C05732F', 'Clay Paky', 'Axcor Profile 600', 'S/N AH010346', '1.cp_axcor_p_600_061', 'Minsk', '', 1, 1),
	('001', '001-001-000-000', '001-001-010-000', '001-001-010-062', '43503C05731A', 'Clay Paky', 'Axcor Profile 600', 'S/N AH010369', '1.cp_axcor_p_600_062', 'Minsk', '', 1, 1),
	('001', '001-001-000-000', '001-001-010-000', '001-001-010-063', '43503C057396', 'Clay Paky', 'Axcor Profile 600', 'S/N AH010359', '1.cp_axcor_p_600_063', 'Minsk', '', 1, 1),
	('001', '001-001-000-000', '001-001-010-000', '001-001-010-064', '43503C0587FE', 'Clay Paky', 'Axcor Profile 600', 'S/N  AH010252', '1.cp_axcor_p_600_064', 'Minsk', '', 1, 1),
	('001', '001-001-000-000', '001-001-010-000', '001-001-010-065', '43503C058A9A', 'Clay Paky', 'Axcor Profile 600', 'S/N AH009243', '1.cp_axcor_p_600_065', 'Minsk', '', 1, 1),
	('001', '001-001-000-000', '001-001-010-000', '001-001-010-066', '43503C05881E', 'Clay Paky', 'Axcor Profile 600', 'S/N AH010337', '1.cp_axcor_p_600_066', 'Minsk', '', 1, 1),
	('001', '001-001-000-000', '001-001-010-000', '001-001-010-067', '43503C058E75', 'Clay Paky', 'Axcor Profile 600', 'S/N AH011360', '1.cp_axcor_p_600_067', 'Minsk', '', 1, 1),
	('001', '001-001-000-000', '001-001-010-000', '001-001-010-068', '43503C0591CD', 'Clay Paky', 'Axcor Profile 600', 'S/N AH010992', '1.cp_axcor_p_600_068', 'Minsk', '', 1, 1),
	('001', '001-001-000-000', '001-001-010-000', '001-001-010-069', '43503C058843', 'Clay Paky', 'Axcor Profile 600', 'S/N AH009173', '1.cp_axcor_p_600_069', 'Minsk', '', 1, 1),
	('001', '001-001-000-000', '001-001-010-000', '001-001-010-070', '43503C058DEC', 'Clay Paky', 'Axcor Profile 600', 'S/N AH011336', '1.cp_axcor_p_600_070', 'Minsk', '', 1, 1),
	('001', '001-001-000-000', '001-001-010-000', '001-001-010-071', '43503C05877F', 'Clay Paky', 'Axcor Profile 600', 'S/N AH011301', '1.cp_axcor_p_600_071', 'Minsk', '', 1, 1),
	('001', '001-001-000-000', '001-001-010-000', '001-001-010-072', '43503C05ABBC', 'Clay Paky', 'Axcor Profile 600', 'S/N AH103340', '1.cp_axcor_p_600_072', 'Minsk', '', 1, 1),
	('001', '001-001-000-000', '001-001-011-000', '001-001-011-001', '43502C259BA4', 'Clay Paky', 'HY B-Eye K25', 'S/N AI002511', '1.cp_k25b_001', 'Minsk', '', 1, 1),
	('001', '001-001-000-000', '001-001-011-000', '001-001-011-002', '43502C259C27', 'Clay Paky', 'HY B-Eye K25', 'S/N AI002549', '1.cp_k25b_002', 'Minsk', '', 1, 1),
	('001', '001-001-000-000', '001-001-011-000', '001-001-011-003', '43502C259C0B', 'Clay Paky', 'HY B-Eye K25', 'S/N AI002502', '1.cp_k25b_003', 'Minsk', '', 1, 1),
	('001', '001-001-000-000', '001-001-011-000', '001-001-011-004', '43502C259BED', 'Clay Paky', 'HY B-Eye K25', 'S/N AI002493', '1.cp_k25b_004', 'Minsk', '', 1, 1),
	('001', '001-001-000-000', '001-001-011-000', '001-001-011-005', '43502C25C816', 'Clay Paky', 'HY B-Eye K25', 'S/N BA000229', '1.cp_k25b_005', 'Minsk', '', 1, 1),
	('001', '001-001-000-000', '001-001-011-000', '001-001-011-006', '43502C259BFA', 'Clay Paky', 'HY B-Eye K25', 'S/N AI002481', '1.cp_k25b_006', 'Minsk', '', 1, 1),
	('001', '001-001-000-000', '001-001-011-000', '001-001-011-007', '43502C259C0A', 'Clay Paky', 'HY B-Eye K25', 'S/N AI002448', '1.cp_k25b_007', 'Minsk', '', 1, 1),
	('001', '001-001-000-000', '001-001-011-000', '001-001-011-009', '43502C259C4B', 'Clay Paky', 'HY B-Eye K25', 'S/N AI002550', '1.cp_k25b_009', 'Minsk', '', 1, 1),
	('001', '001-001-000-000', '001-001-011-000', '001-001-011-010', '43502C259BDD', 'Clay Paky', 'HY B-Eye K25', 'S/N AI002521', '1.cp_k25b_010', 'Minsk', '', 1, 1),
	('001', '001-001-000-000', '001-001-011-000', '001-001-011-013', '43502C259BFE', 'Clay Paky', 'HY B-Eye K25', 'S/N AI002554', '1.cp_k25b_013', 'Minsk', '', 1, 1),
	('001', '001-001-000-000', '001-001-011-000', '001-001-011-014', '43502C259C32', 'Clay Paky', 'HY B-Eye K25', 'S/N AI002555', '1.cp_k25b_014', 'Minsk', '', 1, 1),
	('001', '001-001-000-000', '001-001-011-000', '001-001-011-015', '43502C259BBF', 'Clay Paky', 'HY B-Eye K25', 'S/N AI002523', '1.cp_k25b_015', 'Minsk', '', 1, 1),
	('001', '001-001-000-000', '001-001-011-000', '001-001-011-016', '43502C259BCA', 'Clay Paky', 'HY B-Eye K25', 'S/N AI002531', '1.cp_k25b_016', 'Minsk', '', 1, 1),
	('001', '001-001-000-000', '001-001-011-000', '001-001-011-018', '43502C259C16', 'Clay Paky', 'HY B-Eye K25', 'S/N AI002452', '1.cp_k25b_018', 'Minsk', '', 1, 1),
	('001', '001-001-000-000', '001-001-011-000', '001-001-011-019', '43502C259B77', 'Clay Paky', 'HY B-Eye K25', 'S/N AI002462', '1.cp_k25b_019', 'Minsk', '', 1, 1),
	('001', '001-001-000-000', '001-001-011-000', '001-001-011-020', '43502C259BFC', 'Clay Paky', 'HY B-Eye K25', 'S/N AI002455', '1.cp_k25b_020', 'Minsk', '', 1, 1),
	('001', '001-001-000-000', '001-001-011-000', '001-001-011-021', '43502C259C08', 'Clay Paky', 'HY B-Eye K25', 'S/N AI002553', '1.cp_k25b_021', 'Minsk', '', 1, 1),
	('001', '001-001-000-000', '001-001-011-000', '001-001-011-023', '43502C259C0C', 'Clay Paky', 'HY B-Eye K25', 'S/N AI002490', '1.cp_k25b_023', 'Minsk', '', 1, 1),
	('001', '001-001-000-000', '001-001-011-000', '001-001-011-024', '43502C259C48', 'Clay Paky', 'HY B-Eye K25', 'S/N AI002551', '1.cp_k25b_024', 'Minsk', '', 1, 1),
	('001', '001-001-000-000', '001-001-011-000', '001-001-011-026', '43502C259C34', 'Clay Paky', 'HY B-Eye K25', 'S/N AI002483', '1.cp_k25b_026', 'Minsk', '', 1, 1),
	('001', '001-001-000-000', '001-001-011-000', '001-001-011-027', '43502C259BDF', 'Clay Paky', 'HY B-Eye K25', 'S/N AI002509', '1.cp_k25b_027', 'Minsk', '', 1, 1),
	('001', '001-001-000-000', '001-001-011-000', '001-001-011-028', '43502C259C2D', 'Clay Paky', 'HY B-Eye K25', 'S/N AI002508', '1.cp_k25b_028', 'Minsk', '', 1, 1),
	('001', '001-001-000-000', '001-001-011-000', '001-001-011-029', '43502C259C3D', 'Clay Paky', 'HY B-Eye K25', 'S/N AI002486', '1.cp_k25b_029', 'Minsk', '', 1, 1),
	('001', '001-001-000-000', '001-001-011-000', '001-001-011-032', '43502C259C25', 'Clay Paky', 'HY B-Eye K25', 'S/N AI002519', '1.cp_k25b_032', 'Minsk', '', 1, 1),
	('001', '001-001-000-000', '001-001-011-000', '001-001-011-033', '43502C259BEA', 'Clay Paky', 'HY B-Eye K25', 'S/N AI002512', '1.cp_k25b_033', 'Minsk', '', 1, 1),
	('001', '001-001-000-000', '001-001-011-000', '001-001-011-034', '43502C259C18', 'Clay Paky', 'HY B-Eye K25', 'S/N AI002507', '1.cp_k25b_034', 'Minsk', '', 1, 1),
	('001', '001-001-000-000', '001-001-011-000', '001-001-011-035', '43502C259BE8', 'Clay Paky', 'HY B-Eye K25', 'S/N AI002458', '1.cp_k25b_035', 'Minsk', '', 1, 1),
	('001', '001-001-000-000', '001-001-011-000', '001-001-011-036', '43502C259BE6', 'Clay Paky', 'HY B-Eye K25', 'S/N AI002479', '1.cp_k25b_036', 'Minsk', '', 1, 1),
	('001', '001-001-000-000', '001-001-011-000', '001-001-011-037', '43502C259C15', 'Clay Paky', 'HY B-Eye K25', 'S/N AI002441', '1.cp_k25b_037', 'Minsk', '', 1, 1),
	('001', '001-001-000-000', '001-001-011-000', '001-001-011-038', '43502C259C03', 'Clay Paky', 'HY B-Eye K25', 'S/N AI002489', '1.cp_k25b_038', 'Minsk', '', 1, 1),
	('001', '001-001-000-000', '001-001-011-000', '001-001-011-039', '43502C259BD0', 'Clay Paky', 'HY B-Eye K25', 'S/N AI002467', '1.cp_k25b_039', 'Minsk', '', 1, 1),
	('001', '001-001-000-000', '001-001-011-000', '001-001-011-041', '43502C259BAF', 'Clay Paky', 'HY B-Eye K25', 'S/N AI002470', '1.cp_k25b_041', 'Minsk', '', 1, 1),
	('001', '001-001-000-000', '001-001-011-000', '001-001-011-042', '43502C259BC8', 'Clay Paky', 'HY B-Eye K25', 'S/N AI002454', '1.cp_k25b_042', 'Minsk', '', 1, 1),
	('001', '001-001-000-000', '001-001-011-000', '001-001-011-043', '43502C259C24', 'Clay Paky', 'HY B-Eye K25', 'S/N AI002463', '1.cp_k25b_043', 'Minsk', '', 1, 1),
	('001', '001-001-000-000', '001-001-011-000', '001-001-011-045', '43502C259C2E', 'Clay Paky', 'HY B-Eye K25', 'S/N AI002205', '1.cp_k25b_045', 'Minsk', '', 1, 1),
	('001', '001-001-000-000', '001-001-011-000', '001-001-011-047', '43502C259C3F', 'Clay Paky', 'HY B-Eye K25', 'S/N AI002503', '1.cp_k25b_047', 'Minsk', '', 1, 1),
	('001', '001-001-000-000', '001-001-011-000', '001-001-011-048', '43502C259C09', 'Clay Paky', 'HY B-Eye K25', 'S/N AI002500', '1.cp_k25b_048', 'Minsk', '', 1, 1),
	('001', '001-001-000-000', '001-001-011-000', '001-001-011-049', '43502C259C12', 'Clay Paky', 'HY B-Eye K25', 'S/N AI002439', '1.cp_k25b_049', 'Minsk', '', 1, 1),
	('001', '001-001-000-000', '001-001-011-000', '001-001-011-051', '43502C259C46', 'Clay Paky', 'HY B-Eye K25', 'S/N AI002539', '1.cp_k25b_051', 'Minsk', '', 1, 1),
	('001', '001-001-000-000', '001-001-011-000', '001-001-011-052', '43502C259BE5', 'Clay Paky', 'HY B-Eye K25', 'S/N AI002535', '1.cp_k25b_052', 'Minsk', '', 1, 1),
	('001', '001-001-000-000', '001-001-011-000', '001-001-011-053', '43502C259B9F', 'Clay Paky', 'HY B-Eye K25', 'S/N AI002459', '1.cp_k25b_053', 'Minsk', '', 1, 1),
	('001', '001-001-000-000', '001-001-011-000', '001-001-011-054', '43502C259BF2', 'Clay Paky', 'HY B-Eye K25', 'S/N AI002484', '1.cp_k25b_054', 'Minsk', '', 1, 1),
	('001', '001-001-000-000', '001-001-011-000', '001-001-011-056', '43502C259C02', 'Clay Paky', 'HY B-Eye K25', 'S/N AI002498', '1.cp_k25b_056', 'Minsk', '', 1, 1),
	('001', '001-001-000-000', '001-001-011-000', '001-001-011-057', '43502C25996B', 'Clay Paky', 'HY B-Eye K25', 'S/N AI002256', '1.cp_k25b_057', 'Minsk', '', 1, 1),
	('001', '001-001-000-000', '001-001-011-000', '001-001-011-059', '43502C259BF3', 'Clay Paky', 'HY B-Eye K25', 'S/N AI002499', '1.cp_k25b_059', 'Minsk', '', 1, 1),
	('001', '001-001-000-000', '001-001-011-000', '001-001-011-061', '43502C25C25D', 'Clay Paky', 'HY B-Eye K25', 'S/N BA000168', '1.cp_k25b_061', 'Minsk', '', 1, 1),
	('001', '001-001-000-000', '001-001-011-000', '001-001-011-064', '43502C25C7F9', 'Clay Paky', 'HY B-Eye K25', 'S/N BA000241', '1.cp_k25b_064', 'Minsk', '', 1, 1),
	('001', '001-001-000-000', '001-001-011-000', '001-001-011-065', '43502C25C3D9', 'Clay Paky', 'HY B-Eye K25', 'S/N BA000243', '1.cp_k25b_065', 'Minsk', '', 1, 1),
	('001', '001-001-000-000', '001-001-011-000', '001-001-011-067', '43502C25C813', 'Clay Paky', 'HY B-Eye K25', 'S/N BA000228', '1.cp_k25b_067', 'Minsk', '', 1, 1),
	('001', '001-001-000-000', '001-001-011-000', '001-001-011-081', '43502C25B1E8', 'Clay Paky', 'HY B-Eye K25', 'S/N AI009531', '1.cp_k25b_081', 'Minsk', '', 1, 1),
	('001', '001-001-000-000', '001-001-011-000', '001-001-011-083', '43502C25CA92', 'Clay Paky', 'HY B-Eye K25', 'S/N BA000794', '1.cp_k25b_083', 'Minsk', '', 1, 1),
	('001', '001-001-000-000', '001-001-011-000', '001-001-011-091', '43502C25C499', 'Clay Paky', 'HY B-Eye K25', 'S/N BA000248', '1.cp_k25b_091', 'Minsk', '', 1, 1),
	('001', '001-001-000-000', '001-001-011-000', '001-001-011-092', '43502C25C888', 'Clay Paky', 'HY B-Eye K25', 'S/N BA000797', '1.cp_k25b_092', 'Minsk', '', 1, 1),
	('001', '001-001-000-000', '001-001-011-000', '001-001-011-093', '43502C25CAFC', 'Clay Paky', 'HY B-Eye K25', 'S/N BA001839', '1.cp_k25b_093', 'Minsk', '', 1, 1),
	('001', '001-001-000-000', '001-001-011-000', '001-001-011-094', '43502C25CA78', 'Clay Paky', 'HY B-Eye K25', 'S/N BA000789', '1.cp_k25b_094', 'Minsk', '', 1, 1),
	('001', '001-001-000-000', '001-001-011-000', '001-001-011-095', '43502C25C8B2', 'Clay Paky', 'HY B-Eye K25', 'S/N BA000817', '1.cp_k25b_095', 'Minsk', '', 1, 1),
	('001', '001-001-000-000', '001-001-011-000', '001-001-011-096', '43502C259BF1', 'Clay Paky', 'HY B-Eye K25', 'S/N AI002457', '1.cp_k25b_096', 'Minsk', '', 1, 1),
	('001', '001-001-000-000', '001-001-011-000', '001-001-011-097', '43502C25A41E', 'Clay Paky', 'HY B-Eye K25', 'S/N AI002198', '1.cp_k25b_097', 'Minsk', '', 1, 1),
	('001', '001-001-000-000', '001-001-011-000', '001-001-011-098', '43502C25CB56', 'Clay Paky', 'HY B-Eye K25', 'S/N BA001876', '1.cp_k25b_098', 'Minsk', '', 1, 1),
	('001', '001-001-000-000', '001-001-011-000', '001-001-011-099', '43502C25C839', 'Clay Paky', 'HY B-Eye K25', 'S/N BA000820', '1.cp_k25b_099', 'Minsk', '', 1, 1),
	('001', '001-001-000-000', '001-001-011-000', '001-001-011-101', '43502C25C7D8', 'Clay Paky', 'HY B-Eye K25', 'S/N BA000824', '1.cp_k25b_101', 'Minsk', '', 1, 1),
	('001', '001-001-000-000', '001-001-011-000', '001-001-011-102', '43502C259D63', 'Clay Paky', 'HY B-Eye K25', 'S/N AI003710', '1.cp_k25b_102', 'Minsk', '', 1, 1),
	('001', '001-001-000-000', '001-001-012-000', '001-001-012-003', '435012B0005C', 'Clay Paky', 'Mini B', 'S/N AI104917', '1.cp_Mini-b_003', 'Minsk', '', 1, 1),
	('001', '001-001-000-000', '001-001-012-000', '001-001-012-004', '435012B00063', 'Clay Paky', 'Mini B', 'S/N AI104926', '1.cp_Mini-b_004', 'Minsk', '', 1, 1),
	('001', '001-001-000-000', '001-001-012-000', '001-001-012-005', '435012B0004A', 'Clay Paky', 'Mini B', 'S/N AI104899', '1.cp_Mini-b_005', 'Minsk', '', 1, 1),
	('001', '001-001-000-000', '001-001-012-000', '001-001-012-006', '435012B0005A', 'Clay Paky', 'Mini B', 'S/N AI104910', '1.cp_Mini-b_006', 'Minsk', '', 1, 1),
	('001', '001-001-000-000', '001-001-012-000', '001-001-012-007', '435012B00049', 'Clay Paky', 'Mini B', 'S/N AI104901', '1.cp_Mini-b_007', 'Minsk', '', 1, 1),
	('001', '001-001-000-000', '001-001-012-000', '001-001-012-008', '435012B0005D', 'Clay Paky', 'Mini B', 'S/N AI104914', '1.cp_Mini-b_008', 'Minsk', '', 1, 1),
	('001', '001-001-000-000', '001-001-012-000', '001-001-012-009', '435012B00073', 'Clay Paky', 'Mini B', 'S/N AI104940', '1.cp_Mini-b_009', 'Minsk', '', 1, 1),
	('001', '001-001-000-000', '001-001-012-000', '001-001-012-012', '435012B00056', 'Clay Paky', 'Mini B', 'S/N AI104903', '1.cp_Mini-b_012', 'Minsk', '', 1, 1),
	('001', '001-001-000-000', '001-001-012-000', '001-001-012-013', '435012B0006F', 'Clay Paky', 'Mini B', 'S/N AI104935', '1.cp_Mini-b_013', 'Minsk', '', 1, 1),
	('001', '001-001-000-000', '001-001-012-000', '001-001-012-014', '435012B00062', 'Clay Paky', 'Mini B', 'S/N AI104924', '1.cp_Mini-b_014', 'Minsk', '', 1, 1),
	('001', '001-001-000-000', '001-001-012-000', '001-001-012-016', '435012B0007A', 'Clay Paky', 'Mini B', 'S/N AI104949', '1.cp_Mini-b_016', 'Minsk', '', 1, 1),
	('001', '001-001-000-000', '001-001-012-000', '001-001-012-019', '435012B00044', 'Clay Paky', 'Mini B', 'S/N AI104919', '1.cp_Mini-b_019', 'Minsk', '', 1, 1),
	('001', '001-001-000-000', '001-001-012-000', '001-001-012-020', '435012B0006D', 'Clay Paky', 'Mini B', 'S/N AI104936', '1.cp_Mini-b_020', 'Minsk', '', 1, 1),
	('001', '001-001-000-000', '001-001-012-000', '001-001-012-024', '435012B00064', 'Clay Paky', 'Mini B', 'S/N AI104925', '1.cp_Mini-b_024', 'Minsk', '', 1, 1),
	('001', '001-001-000-000', '001-001-012-000', '001-001-012-025', '435012B00068', 'Clay Paky', 'Mini B', 'S/N AI104932', '1.cp_Mini-b_025', 'Minsk', '', 1, 1),
	('001', '001-001-000-000', '001-001-012-000', '001-001-012-026', '435012B005FC', 'Clay Paky', 'Mini B', 'S/N AI104912', '1.cp_Mini-b_026', 'Minsk', '', 1, 1),
	('001', '001-001-000-000', '001-001-012-000', '001-001-012-027', '435012B00069', 'Clay Paky', 'Mini B', 'S/N AI104931', '1.cp_Mini-b_027', 'Minsk', '', 1, 1),
	('001', '001-001-000-000', '001-001-012-000', '001-001-012-028', '435012B00051', 'Clay Paky', 'Mini B', 'S/N AI104905', '1.cp_Mini-b_028', 'Minsk', '', 1, 1),
	('001', '001-001-000-000', '001-001-012-000', '001-001-012-029', '435012B00050', 'Clay Paky', 'Mini B', 'S/N AI104906', '1.cp_Mini-b_029', 'Minsk', '', 1, 1),
	('001', '001-001-000-000', '001-001-012-000', '001-001-012-031', '435012B0006C', 'Clay Paky', 'Mini B', 'S/N AI104927', '1.cp_Mini-b_031', 'Minsk', '', 1, 1),
	('001', '001-001-000-000', '001-001-012-000', '001-001-012-032', '435012B00059', 'Clay Paky', 'Mini B', 'S/N AI104909', '1.cp_Mini-b_032', 'Minsk', '', 1, 1),
	('001', '001-001-000-000', '001-001-012-000', '001-001-012-034', '435012B00080', 'Clay Paky', 'Mini B', 'S/N AI104955', '1.cp_Mini-b_034', 'Minsk', '', 1, 1),
	('001', '001-001-000-000', '001-001-012-000', '001-001-012-035', '435012B00082', 'Clay Paky', 'Mini B', 'S/N AI104954', '1.cp_Mini-b_035', 'Minsk', '', 1, 1),
	('001', '001-001-000-000', '001-001-012-000', '001-001-012-037', '435012B011F7', 'Clay Paky', 'Mini B', 'S/N AI104952', '1.cp_Mini-b_037', 'Minsk', '', 1, 1),
	('001', '001-001-000-000', '001-001-012-000', '001-001-012-039', '435012B00090', 'Clay Paky', 'Mini B', 'S/N AI104962', '1.cp_Mini-b_039', 'Minsk', '', 1, 1),
	('001', '001-001-000-000', '001-001-012-000', '001-001-012-043', '435012B002F5', 'Clay Paky', 'Mini B', 'S/N AI104961', '1.cp_Mini-b_043', 'Minsk', '', 1, 1),
	('001', '001-001-000-000', '001-001-012-000', '001-001-012-045', '435012B00085', 'Clay Paky', 'Mini B', 'S/N AI104953', '1.cp_Mini-b_045', 'Minsk', '', 1, 1),
	('001', '001-001-000-000', '001-001-012-000', '001-001-012-046', '435012B00084', 'Clay Paky', 'Mini B', 'S/N AI104963', '1.cp_Mini-b_046', 'Minsk', '', 1, 1),
	('001', '001-001-000-000', '001-001-012-000', '001-001-012-047', '435012B0004B', 'Clay Paky', 'Mini B', 'S/N AI104957', '1.cp_Mini-b_047', 'Minsk', '', 1, 1),
	('001', '001-001-000-000', '001-001-012-000', '001-001-012-048', '435012B0008D', 'Clay Paky', 'Mini B', 'S/N AI104967', '1.cp_Mini-b_048', 'Minsk', '', 1, 1),
	('001', '001-001-000-000', '001-001-012-000', '001-001-012-049', '435012B00098', 'Clay Paky', 'Mini B', 'S/N AI104974', '1.cp_Mini-b_049', 'Minsk', '', 1, 1),
	('001', '001-001-000-000', '001-001-012-000', '001-001-012-050', '435012B0008B', 'Clay Paky', 'Mini B', 'S/N AI104968', '1.cp_Mini-b_050', 'Minsk', '', 1, 1),
	('001', '001-001-000-000', '001-001-012-000', '001-001-012-051', '435012B01205', 'Clay Paky', 'Mini B', 'S/N AI105123', '1.cp_Mini-b_051', 'Minsk', '', 1, 1),
	('001', '001-001-000-000', '001-001-012-000', '001-001-012-052', '435012B00165', 'Clay Paky', 'Mini B', 'S/N AI105177', '1.cp_Mini-b_052', 'Minsk', '', 1, 1),
	('001', '001-001-000-000', '001-001-012-000', '001-001-012-053', '435012B0010E', 'Clay Paky', 'Mini B', 'S/N AI105096', '1.cp_Mini-b_053', 'Minsk', '', 1, 1),
	('001', '001-001-000-000', '001-001-012-000', '001-001-012-056', '435012B00117', 'Clay Paky', 'Mini B', 'S/N AI105107', '1.cp_Mini-b_056', 'Minsk', '', 1, 1),
	('001', '001-001-000-000', '001-001-012-000', '001-001-012-057', '435012B01202', 'Clay Paky', 'Mini B', 'S/N AI105118', '1.cp_Mini-b_057', 'Minsk', '', 1, 1),
	('001', '001-001-000-000', '001-001-012-000', '001-001-012-058', '435012B0010F', 'Clay Paky', 'Mini B', 'S/N AI105095', '1.cp_Mini-b_058', 'Minsk', '', 1, 1),
	('001', '001-001-000-000', '001-001-012-000', '001-001-012-059', '435012B00123', 'Clay Paky', 'Mini B', 'S/N AI105119', '1.cp_Mini-b_059', 'Minsk', '', 1, 1),
	('001', '001-001-000-000', '001-001-012-000', '001-001-012-060', '435012B0012C', 'Clay Paky', 'Mini B', 'S/N AI105120', '1.cp_Mini-b_060', 'Minsk', '', 1, 1),
	('001', '001-001-000-000', '001-001-012-000', '001-001-012-062', '435012B00120', 'Clay Paky', 'Mini B', 'S/N AI105115', '1.cp_Mini-b_062', 'Minsk', '', 1, 1),
	('001', '001-001-000-000', '001-001-012-000', '001-001-012-063', '435012B0011D', 'Clay Paky', 'Mini B', 'S/N AI105111', '1.cp_Mini-b_063', 'Minsk', '', 1, 1),
	('001', '001-001-000-000', '001-001-012-000', '001-001-012-064', '435012B00119', 'Clay Paky', 'Mini B', 'S/N AI105104', '1.cp_Mini-b_64', 'Minsk', '', 1, 1),
	('001', '001-001-000-000', '001-001-012-000', '001-001-012-066', '435012B001AD', 'Clay Paky', 'Mini B', 'S/N AI105268', '1.cp_Mini-b_066', 'Minsk', '', 1, 1),
	('001', '001-001-000-000', '001-001-012-000', '001-001-012-067', '435012B0010A', 'Clay Paky', 'Mini B', 'S/N AI105090', '1.cp_Mini-b_067', 'Minsk', '', 1, 1),
	('001', '001-001-000-000', '001-001-012-000', '001-001-012-068', '435012B00198', 'Clay Paky', 'Mini B', 'S/N AI105209', '1.cp_Mini-b_068', 'Minsk', '', 1, 1),
	('001', '001-001-000-000', '001-001-012-000', '001-001-012-069', '435012B005FE', 'Clay Paky', 'Mini B', 'S/N AI105109', '1.cp_Mini-b_069', 'Minsk', '', 1, 1),
	('001', '001-001-000-000', '001-001-012-000', '001-001-012-070', '435012B00191', 'Clay Paky', 'Mini B', 'S/N AI105220', '1.cp_Mini-b_070', 'Minsk', '', 1, 1),
	('001', '001-001-000-000', '001-001-012-000', '001-001-012-072', '435012B0010C', 'Clay Paky', 'Mini B', 'S/N AI105097', '1.cp_Mini-b_72', 'Minsk', '', 1, 1),
	('001', '001-001-000-000', '001-001-012-000', '001-001-012-073', '435012B00190', 'Clay Paky', 'Mini B', 'S/N AI105221', '1.cp_Mini-b_073', 'Minsk', '', 1, 1),
	('001', '001-001-000-000', '001-001-012-000', '001-001-012-074', '435012B00127', 'Clay Paky', 'Mini B', 'S/N AI10512/?', '1.cp_Mini-b_074', 'Minsk', '', 1, 1),
	('001', '001-001-000-000', '001-001-012-000', '001-001-012-075', '435012B00075', 'Clay Paky', 'Mini B', 'S/N AI105098', '1.cp_Mini-b_075', 'Minsk', '', 1, 1),
	('001', '001-001-000-000', '001-001-012-000', '001-001-012-076', '435012B00108', 'Clay Paky', 'Mini B', 'S/N AI105092', '1.cp_Mini-b_076', 'Minsk', '', 1, 1),
	('001', '001-001-000-000', '001-001-012-000', '001-001-012-080', '435012B00129', 'Clay Paky', 'Mini B', 'S/N AI105133', '1.cp_Mini-b_080', 'Minsk', '', 1, 1),
	('001', '001-001-000-000', '001-001-012-000', '001-001-012-082', '435012B002EA', 'Clay Paky', 'Mini B', 'S/N AI106450', '1.cp_Mini-b_082', 'Minsk', '', 1, 1),
	('001', '001-001-000-000', '001-001-012-000', '001-001-012-084', '435012B002C5', 'Clay Paky', 'Mini B', 'S/N AI106449', '1.cp_Mini-b_084', 'Minsk', '', 1, 1),
	('001', '001-001-000-000', '001-001-012-000', '001-001-012-087', '435012B002E8', 'Clay Paky', 'Mini B', 'S/N AI106451', '1.cp_Mini-b_087', 'Minsk', '', 1, 1),
	('001', '001-001-000-000', '001-001-012-000', '001-001-012-089', '435012B002DD', 'Clay Paky', 'Mini B', 'S/N AI106459', '1.cp_Mini-b_089', 'Minsk', '', 1, 1),
	('001', '001-001-000-000', '001-001-012-000', '001-001-012-091', '435012B002E9', 'Clay Paky', 'Mini B', 'S/N AI106452', '1.cp_Mini-b_091', 'Minsk', '', 1, 1),
	('001', '001-001-000-000', '001-001-012-000', '001-001-012-093', '435012B002FC', 'Clay Paky', 'Mini B', 'S/N AI106479', '1.cp_Mini-b_093', 'Minsk', '', 1, 1),
	('001', '001-001-000-000', '001-001-012-000', '001-001-012-095', '435012B002F4', 'Clay Paky', 'Mini B', 'S/N AI106463', '1.cp_Mini-b_095', 'Minsk', '', 1, 1),
	('001', '001-001-000-000', '001-001-012-000', '001-001-012-096', '435012B002F7', 'Clay Paky', 'Mini B', 'S/N AI106461', '1.cp_Mini-b_096', 'Minsk', '', 1, 1),
	('001', '001-001-000-000', '001-001-012-000', '001-001-012-098', '435012B002F6', 'Clay Paky', 'Mini B', 'S/N AI105462', '1.cp_Mini-b_098', 'Minsk', '', 1, 1),
	('001', '001-001-000-000', '001-001-012-000', '001-001-012-099', '435012B002E7', 'Clay Paky', 'Mini B', 'S/N AI106456', '1.cp_Mini-b_099', 'Minsk', '', 1, 1),
	('001', '001-001-000-000', '001-001-012-000', '001-001-012-100', '435012B002E0', 'Clay Paky', 'Mini B', 'S/N AI106454', '1.cp_Mini-b_100', 'Minsk', '', 1, 1),
	('001', '001-001-000-000', '001-001-012-000', '001-001-012-102', '435012B002FA', 'Clay Paky', 'Mini B', 'S/N AI106468', '1.cp_Mini-b_102', 'Minsk', '', 1, 1),
	('001', '001-001-000-000', '001-001-012-000', '001-001-012-104', '435012B002F0', 'Clay Paky', 'Mini B', 'S/N AI106466', '1.cp_Mini-b_104', 'Minsk', '', 1, 1),
	('001', '001-001-000-000', '001-001-012-000', '001-001-012-105', '435012B01784', 'Clay Paky', 'Mini B', 'S/N BA101205', '1.cp_Mini-b_105', 'Minsk', '', 1, 1),
	('001', '001-001-000-000', '001-001-012-000', '001-001-012-106', '435012B017F7', 'Clay Paky', 'Mini B', 'S/N BA101329', '1.cp_Mini-b_106', 'Minsk', '', 1, 1),
	('001', '001-001-000-000', '001-001-012-000', '001-001-012-107', '435012B0182D', 'Clay Paky', 'Mini B', 'S/N BA101685', '1.cp_Mini-b_107', 'Minsk', '', 1, 1),
	('001', '001-001-000-000', '001-001-012-000', '001-001-012-108', '435012B01800', 'Clay Paky', 'Mini B', 'S/N BA101335', '1.cp_Mini-b_108', 'Minsk', '', 1, 1),
	('001', '001-001-000-000', '001-001-012-000', '001-001-012-109', '435012B01718', 'Clay Paky', 'Mini B', 'S/N BA101170', '1.cp_Mini-b_109', 'Minsk', '', 1, 1),
	('001', '001-001-000-000', '001-001-012-000', '001-001-012-110', '435012B01747', 'Clay Paky', 'Mini B', 'S/N BA101183', '1.cp_Mini-b_110', 'Minsk', '', 1, 1),
	('001', '001-001-000-000', '001-001-012-000', '001-001-012-111', '435012B01730', 'Clay Paky', 'Mini B', 'S/N BA101195', '1.cp_Mini-b_111', 'Minsk', '', 1, 1),
	('001', '001-001-000-000', '001-001-012-000', '001-001-012-112', '435012B017F9', 'Clay Paky', 'Mini B', 'S/N BA101331', '1.cp_Mini-b_112', 'Minsk', '', 1, 1),
	('001', '001-001-000-000', '001-001-012-000', '001-001-012-113', '435012B01765', 'Clay Paky', 'Mini B', 'S/N BA101182', '1.cp_Mini-b_113', 'Minsk', '', 1, 1),
	('001', '001-001-000-000', '001-001-012-000', '001-001-012-114', '435012B01858', 'Clay Paky', 'Mini B', 'S/N BA101733', '1.cp_Mini-b_114', 'Minsk', '', 1, 1),
	('001', '001-001-000-000', '001-001-012-000', '001-001-012-115', '435012B017A5', 'Clay Paky', 'Mini B', 'S/N BA101175', '1.cp_Mini-b_115', 'Minsk', '', 1, 1),
	('001', '001-001-000-000', '001-001-012-000', '001-001-012-116', '435012B01728', 'Clay Paky', 'Mini B', 'S/N BA101157', '1.cp_Mini-b_116', 'Minsk', '', 1, 1),
	('001', '001-001-000-000', '001-001-012-000', '001-001-012-117', '435012B01857', 'Clay Paky', 'Mini B', 'S/N BA101740', '1.cp_Mini-b_117', 'Minsk', '', 1, 1),
	('001', '001-001-000-000', '001-001-012-000', '001-001-012-118', '435012B01763', 'Clay Paky', 'Mini B', 'S/N BA101202', '1.cp_Mini-b_118', 'Minsk', '', 1, 1),
	('001', '001-001-000-000', '001-001-012-000', '001-001-012-119', '435012B01766', 'Clay Paky', 'Mini B', 'S/N BA101201', '1.cp_Mini-b_119', 'Minsk', '', 1, 1),
	('001', '001-001-000-000', '001-001-012-000', '001-001-012-120', '435012B01732', 'Clay Paky', 'Mini B', 'S/N BA101192', '1.cp_Mini-b_120', 'Minsk', '', 1, 1),
	('001', '001-001-000-000', '001-001-012-000', '001-001-012-121', '435012B01801', 'Clay Paky', 'Mini B', 'S/N BA101336', '1.cp_Mini-b_121', 'Minsk', '', 1, 1),
	('001', '001-001-000-000', '001-001-012-000', '001-001-012-122', '435012B01780', 'Clay Paky', 'Mini B', 'S/N BA101206', '1.cp_Mini-b_122', 'Minsk', '', 1, 1),
	('001', '001-001-000-000', '001-001-012-000', '001-001-012-123', '435012B01731', 'Clay Paky', 'Mini B', 'S/N BA101199', '1.cp_Mini-b_123', 'Minsk', '', 1, 1),
	('001', '001-001-000-000', '001-001-012-000', '001-001-012-124', '435012B0176B', 'Clay Paky', 'Mini B', 'S/N BA101185', '1.cp_Mini-b_124', 'Minsk', '', 1, 1),
	('001', '001-001-000-000', '001-001-012-000', '001-001-012-125', '435012B01790', 'Clay Paky', 'Mini B', 'S/N BA101207', '1.cp_Mini-b_125', 'Minsk', '', 1, 1),
	('001', '001-001-000-000', '001-001-012-000', '001-001-012-126', '435012B01756', 'Clay Paky', 'Mini B', 'S/N BA101181', '1.cp_Mini-b_126', 'Minsk', '', 1, 1),
	('001', '001-001-000-000', '001-001-012-000', '001-001-012-127', '435012B0172C', 'Clay Paky', 'Mini B', 'S/N BA101188', '1.cp_Mini-b_127', 'Minsk', '', 1, 1),
	('001', '001-001-000-000', '001-001-012-000', '001-001-012-128', '435012B01799', 'Clay Paky', 'Mini B', 'S/N BA101334', '1.cp_Mini-b_128', 'Minsk', '', 1, 1),
	('001', '001-001-000-000', '001-001-012-000', '001-001-012-129', '435012B01778', 'Clay Paky', 'Mini B', 'S/N BA101184', '1.cp_Mini-b_129', 'Minsk', '', 1, 1),
	('001', '001-001-000-000', '001-001-012-000', '001-001-012-130', '435012B017FB', 'Clay Paky', 'Mini B', 'S/N BA101333', '1.cp_Mini-b_130', 'Minsk', '', 1, 1),
	('001', '001-001-000-000', '001-001-012-000', '001-001-012-131', '435012B017F8', 'Clay Paky', 'Mini B', 'S/N BA101330', '1.cp_Mini-b_131', 'Minsk', '', 1, 1),
	('001', '001-001-000-000', '001-001-012-000', '001-001-012-132', '435012B016FB', 'Clay Paky', 'Mini B', 'S/N BA101151', '1.cp_Mini-b_132', 'Minsk', '', 1, 1),
	('001', '001-001-000-000', '001-001-012-000', '001-001-012-133', '435012B0170E', 'Clay Paky', 'Mini B', 'S/N BA101166', '1.cp_Mini-b_133', 'Minsk', '', 1, 1),
	('001', '001-001-000-000', '001-001-012-000', '001-001-012-135', '435012B01753', 'Clay Paky', 'Mini B', 'S/N BA101193', '1.cp_Mini-b_135', 'Minsk', '', 1, 1),
	('001', '001-001-000-000', '001-001-012-000', '001-001-012-136', '435012B0178F', 'Clay Paky', 'Mini B', 'S/N BA101200', '1.cp_Mini-b_136', 'Minsk', '', 1, 1),
	('001', '001-001-000-000', '001-001-012-000', '001-001-012-137', '435012B0173A', 'Clay Paky', 'Mini B', 'S/N BA101187', '1.cp_Mini-b_137', 'Minsk', '', 1, 1),
	('001', '001-001-000-000', '001-001-012-000', '001-001-012-138', '435012B01739', 'Clay Paky', 'Mini B', 'S/N BA101176', '1.cp_Mini-b_138', 'Minsk', '', 1, 1),
	('001', '001-001-000-000', '001-001-012-000', '001-001-012-139', '435012B002EB', 'Clay Paky', 'Mini B', 'S/N BA101332', '1.cp_Mini-b_139', 'Minsk', '', 1, 1),
	('001', '001-001-000-000', '001-001-012-000', '001-001-012-140', '435012B01752', 'Clay Paky', 'Mini B', 'S/N BA101194', '1.cp_Mini-b_140', 'Minsk', '', 1, 1),
	('001', '001-001-000-000', '001-001-012-000', '001-001-012-143', '435012B01A54', 'Clay Paky', 'Mini B', 'S/N BA103879', '1.cp_Mini-b_143', 'Minsk', '', 1, 1),
	('001', '001-001-000-000', '001-001-012-000', '001-001-012-144', '435012B01ABC', 'Clay Paky', 'Mini B', 'S/N BA103895', '1.cp_Mini-b_144', 'Minsk', '', 1, 1),
	('001', '001-001-000-000', '001-001-012-000', '001-001-012-145', '435012B01AD6', 'Clay Paky', 'Mini B', 'S/N  ?', '1.cp_Mini-b_145', 'Minsk', '', 1, 1),
	('001', '001-001-000-000', '001-001-012-000', '001-001-012-146', '435012B01A99', 'Clay Paky', 'Mini B', 'S/N BA103890', '1.cp_Mini-b_146', 'Minsk', '', 1, 1),
	('001', '001-001-000-000', '001-001-012-000', '001-001-012-147', '435012B01ABA', 'Clay Paky', 'Mini B', 'S/N BA103877', '1.cp_Mini-b_147', 'Minsk', '', 1, 1),
	('001', '001-001-000-000', '001-001-012-000', '001-001-012-148', '435012B01AD8', 'Clay Paky', 'Mini B', 'S/N BA103905', '1.cp_Mini-b_148', 'Minsk', '', 1, 1),
	('001', '001-001-000-000', '001-001-012-000', '001-001-012-149', '435012B01ABB', 'Clay Paky', 'Mini B', 'S/N BA103876', '1.cp_Mini-b_149', 'Minsk', '', 1, 1),
	('001', '001-001-000-000', '001-001-012-000', '001-001-012-150', '435012B01AD7', 'Clay Paky', 'Mini B', 'S/N BA103910', '1.cp_Mini-b_150', 'Minsk', '', 1, 1),
	('001', '001-001-000-000', '001-001-012-000', '001-001-012-151', '435012B01AD1', 'Clay Paky', 'Mini B', 'S/N ?', '1.cp_Mini-b_151', 'Minsk', '', 1, 1),
	('001', '001-001-000-000', '001-001-012-000', '001-001-012-152', '435012B01A50', 'Clay Paky', 'Mini B', 'S/N BA103825', '1.cp_Mini-b_152', 'Minsk', '', 1, 1),
	('001', '001-001-000-000', '001-001-012-000', '001-001-012-153', '435012B01ADA', 'Clay Paky', 'Mini B', 'S/N BA103897', '1.cp_Mini-b_153', 'Minsk', '', 1, 1),
	('001', '001-001-000-000', '001-001-012-000', '001-001-012-154', '435012B01A75', 'Clay Paky', 'Mini B', 'S/N BA103886', '1.cp_Mini-b_154', 'Minsk', '', 1, 1),
	('001', '001-001-000-000', '001-001-012-000', '001-001-012-155', '435012B01A73', 'Clay Paky', 'Mini B', 'S/N BA103884', '1.cp_Mini-b_155', 'Minsk', '', 1, 1),
	('001', '001-001-000-000', '001-001-012-000', '001-001-012-156', '435012B01A61', 'Clay Paky', 'Mini B', 'S/N BA103824', '1.cp_Mini-b_156', 'Minsk', '', 1, 1),
	('001', '001-001-000-000', '001-001-012-000', '001-001-012-157', '435012B01A52', 'Clay Paky', 'Mini B', 'S/N BA103826', '1.cp_Mini-b_157', 'Minsk', '', 1, 1),
	('001', '001-001-000-000', '001-001-012-000', '001-001-012-158', '435012B01A92', 'Clay Paky', 'Mini B', 'S/N BA103871', '1.cp_Mini-b_158', 'Minsk', '', 1, 1),
	('001', '001-001-000-000', '001-001-012-000', '001-001-012-194', '435012B002DE', 'Clay Paky', 'Mini B', 'S/N AI106457', '1.cp_Mini-b_194', 'Minsk', '', 1, 1),
	('001', '001-001-000-000', '001-001-012-000', '001-001-012-_22', '435012B00077', 'Clay Paky', 'Mini B', 'S/N AI104944', '1.cp_Mini-b_22', 'Minsk', '', 1, 1),
	('001', '001-001-000-000', '001-001-012-000', '001-001-012-_90', '435012B002DF', 'Clay Paky', 'Mini B', 'S/N AI106455', '1.cp_Mini-b_90', 'Minsk', '', 1, 1),
	('001', '001-001-000-000', '001-001-013-000', '001-001-013-001', '435030021BBA', 'Clay Paky', 'Mythos 2', 'S/N AD016467/46', '1.cp_mythos_001', 'Minsk', '', 1, 1),
	('001', '001-001-000-000', '001-001-013-000', '001-001-013-002', '435030021B89', 'Clay Paky', 'Mythos 2', 'S/N AD 016466/46', '1.cp_mythos_002', 'Minsk', '', 1, 1),
	('001', '001-001-000-000', '001-001-013-000', '001-001-013-003', '4350300218AF', 'Clay Paky', 'Mythos 2', 'S/N AD017345/48', '1.cp_mythos_003', 'Minsk', '', 1, 1),
	('001', '001-001-000-000', '001-001-013-000', '001-001-013-004', '435030021C77', 'Clay Paky', 'Mythos 2', 'S/N AD017347/48', '1.cp_mythos_004', 'Minsk', '', 1, 1),
	('001', '001-001-000-000', '001-001-013-000', '001-001-013-006', '435030053425', 'Clay Paky', 'Mythos 2', 'S/N AD017362/48', '1.cp_mythos_006', 'Minsk', '', 1, 1),
	('001', '001-001-000-000', '001-001-013-000', '001-001-013-008', '435030021B22', 'Clay Paky', 'Mythos 2', 'S/N AD017349/48', '1.cp_mythos_008', 'Minsk', '', 1, 1),
	('001', '001-001-000-000', '001-001-013-000', '001-001-013-009', '4350300215B5', 'Clay Paky', 'Mythos 2', 'S/N AD017544/48', '1.cp_mythos_009', 'Minsk', '', 1, 1),
	('001', '001-001-000-000', '001-001-013-000', '001-001-013-010', '435030021A50', 'Clay Paky', 'Mythos 2', 'S/N AD017473/48', '1.cp_mythos_010', 'Minsk', '', 1, 1),
	('001', '001-001-000-000', '001-001-013-000', '001-001-013-011', '435030021956', 'Clay Paky', 'Mythos 2', 'S/N AD017384/48', '1.cp_mythos_011', 'Minsk', '', 1, 1),
	('001', '001-001-000-000', '001-001-013-000', '001-001-013-012', '4350300217B5', 'Clay Paky', 'Mythos 2', 'S/N AD017369/48', '1.cp_mythos_012', 'Minsk', '', 1, 1),
	('001', '001-001-000-000', '001-001-013-000', '001-001-013-013', '4350300214BB', 'Clay Paky', 'Mythos 2', 'S/N AD017415/48', '1.cp_mythos_013', 'Minsk', '', 1, 1),
	('001', '001-001-000-000', '001-001-013-000', '001-001-013-014', '435030021BCB', 'Clay Paky', 'Mythos 2', 'S/N AD017390/48', '1.cp_mythos_014', 'Minsk', '', 1, 1),
	('001', '001-001-000-000', '001-001-013-000', '001-001-013-015', '435030021BC1', 'Clay Paky', 'Mythos 2', 'S/N AD016486/46', '1.cp_mythos_015', 'Minsk', '', 1, 1),
	('001', '001-001-000-000', '001-001-013-000', '001-001-013-016', '4350300214B4', 'Clay Paky', 'Mythos 2', 'S/N AD017429/48', '1.cp_mythos_016', 'Minsk', '', 1, 1),
	('001', '001-001-000-000', '001-001-013-000', '001-001-013-018', '43503002199F', 'Clay Paky', 'Mythos 2', 'S/N AD016450/46', '1.cp_mythos_018', 'Minsk', '', 1, 1),
	('001', '001-001-000-000', '001-001-013-000', '001-001-013-019', '43503002194F', 'Clay Paky', 'Mythos 2', 'S/N AD017545', '1.cp_mythos_019', 'Minsk', '', 1, 1),
	('001', '001-001-000-000', '001-001-013-000', '001-001-013-020', '435030021986', 'Clay Paky', 'Mythos 2', 'S/N AD017502/48', '1.cp_mythos_020', 'Minsk', '', 1, 1),
	('001', '001-001-000-000', '001-001-013-000', '001-001-013-021', '435030021919', 'Clay Paky', 'Mythos 2', 'S/N AD017431/48', '1.cp_mythos_021', 'Minsk', '', 1, 1),
	('001', '001-001-000-000', '001-001-013-000', '001-001-013-022', '435030021482', 'Clay Paky', 'Mythos 2', 'S/N AD01?345/48', '1.cp_mythos_022', 'Minsk', '', 1, 1),
	('001', '001-001-000-000', '001-001-013-000', '001-001-013-023', '435030021AA6', 'Clay Paky', 'Mythos 2', 'S/N AD016460/46', '1.cp_mythos_023', 'Minsk', '', 1, 1),
	('001', '001-001-000-000', '001-001-013-000', '001-001-013-025', '435030051C55', 'Clay Paky', 'Mythos 2', 'S/N AE015419/30', '1.cp_mythos_025', 'Minsk', '', 1, 1),
	('001', '001-001-000-000', '001-001-013-000', '001-001-013-026', '435030021C8E', 'Clay Paky', 'Mythos 2', 'S/N AD017377/48', '1.cp_mythos_026', 'Minsk', '', 1, 1),
	('001', '001-001-000-000', '001-001-013-000', '001-001-013-027', '43503002172F', 'Clay Paky', 'Mythos 2', 'S/N AD017361/48', '1.cp_mythos_027', 'Minsk', '', 1, 1),
	('001', '001-001-000-000', '001-001-013-000', '001-001-013-029', '435030021B74', 'Clay Paky', 'Mythos 2', 'S/N AD016275/46', '1.cp_mythos_029', 'Minsk', '', 1, 1),
	('001', '001-001-000-000', '001-001-013-000', '001-001-013-030', '43503002166B', 'Clay Paky', 'Mythos 2', 'S/N AD017382/46', '1.cp_mythos_030', 'Minsk', '', 1, 1),
	('001', '001-001-000-000', '001-001-013-000', '001-001-013-031', '435030021B27', 'Clay Paky', 'Mythos 2', 'S/N AD017346/48', '1.cp_mythos_031', 'Minsk', '', 1, 1),
	('001', '001-001-000-000', '001-001-013-000', '001-001-013-033', '435030021DA5', 'Clay Paky', 'Mythos 2', 'S/N AD016463/46', '1.cp_mythos_033', 'Minsk', '', 1, 1),
	('001', '001-001-000-000', '001-001-013-000', '001-001-013-034', '435030021C6A', 'Clay Paky', 'Mythos 2', 'S/N AD017427', '1.cp_mythos_034', 'Minsk', '', 1, 1),
	('001', '001-001-000-000', '001-001-013-000', '001-001-013-036', '435030021BFD', 'Clay Paky', 'Mythos 2', 'S/N AD017376/48', '1.cp_mythos_036', 'Minsk', '', 1, 1),
	('001', '001-001-000-000', '001-001-013-000', '001-001-013-037', '435030021C7D', 'Clay Paky', 'Mythos 2', 'S/N AD017389/48', '1.cp_mythos_037', 'Minsk', '', 1, 1),
	('001', '001-001-000-000', '001-001-013-000', '001-001-013-038', '435030021C73', 'Clay Paky', 'Mythos 2', 'S/N AD017388/48', '1.cp_mythos_038', 'Minsk', '', 1, 1),
	('001', '001-001-000-000', '001-001-013-000', '001-001-013-039', '435030021958', 'Clay Paky', 'Mythos 2', 'S/N AD017351/48', '1.cp_mythos_039', 'Minsk', '', 1, 1),
	('001', '001-001-000-000', '001-001-013-000', '001-001-013-040', '4350300215AE', 'Clay Paky', 'Mythos 2', 'S/N AD016482/46', '1.cp_mythos_040', 'Minsk', '', 1, 1),
	('001', '001-001-000-000', '001-001-013-000', '001-001-013-041', '435030021997', 'Clay Paky', 'Mythos 2', 'S/N AD016276/46', '1.cp_mythos_041', 'Minsk', '', 1, 1),
	('001', '001-001-000-000', '001-001-013-000', '001-001-013-042', '435030021A25', 'Clay Paky', 'Mythos 2', 'S/N AD016379/46', '1.cp_mythos_042', 'Minsk', '', 1, 1),
	('001', '001-001-000-000', '001-001-013-000', '001-001-013-043', '435030051F50', 'Clay Paky', 'Mythos 2', 'S/N AE015707/31', '1.cp_mythos_043', 'Minsk', '', 1, 1),
	('001', '001-001-000-000', '001-001-013-000', '001-001-013-044', '435030021725', 'Clay Paky', 'Mythos 2', 'S/N AD017447/48', '1.cp_mythos_044', 'Minsk', '', 1, 1),
	('001', '001-001-000-000', '001-001-013-000', '001-001-013-045', '435030021C42', 'Clay Paky', 'Mythos 2', 'S/N AD017385', '1.cp_mythos_045', 'Minsk', '', 1, 1),
	('001', '001-001-000-000', '001-001-013-000', '001-001-013-046', '435030021DC2', 'Clay Paky', 'Mythos 2', 'S/N AD017490/48', '1.cp_mythos_046', 'Minsk', '', 1, 1),
	('001', '001-001-000-000', '001-001-013-000', '001-001-013-047', '435030021663', 'Clay Paky', 'Mythos 2', 'S/N AD017570/48', '1.cp_mythos_047', 'Minsk', '', 1, 1),
	('001', '001-001-000-000', '001-001-013-000', '001-001-013-048', '435030021721', 'Clay Paky', 'Mythos 2', 'S/N AD017490/48', '1.cp_mythos_048', 'Minsk', '', 1, 1),
	('001', '001-001-000-000', '001-001-013-000', '001-001-013-049', '435030021BDD', 'Clay Paky', 'Mythos 2', 'S/N AD016378/46', '1.cp_mythos_049', 'Minsk', '', 1, 1),
	('001', '001-001-000-000', '001-001-013-000', '001-001-013-050', '435030021637', 'Clay Paky', 'Mythos 2', 'S/N AD016480/46', '1.cp_mythos_050', 'Minsk', '', 1, 1),
	('001', '001-001-000-000', '001-001-013-000', '001-001-013-051', '435030021BA0', 'Clay Paky', 'Mythos 2', 'S/N AD016485/46', '1.cp_mythos_051', 'Minsk', '', 1, 1),
	('001', '001-001-000-000', '001-001-013-000', '001-001-013-052', '43503002196A', 'Clay Paky', 'Mythos 2', 'S/N AD016449/46', '1.cp_mythos_052', 'Minsk', '', 1, 1),
	('001', '001-001-000-000', '001-001-013-000', '001-001-013-053', '435030021A98', 'Clay Paky', 'Mythos 2', 'S/N AD017478/48', '1.cp_mythos_053', 'Minsk', '', 1, 1),
	('001', '001-001-000-000', '001-001-013-000', '001-001-013-054', '435030021826', 'Clay Paky', 'Mythos 2', 'S/N AD ?????77/46', '1.cp_mythos_054', 'Minsk', '', 1, 1),
	('001', '001-001-000-000', '001-001-013-000', '001-001-013-055', '435030021648', 'Clay Paky', 'Mythos 2', 'S/N AD016384/46', '1.cp_mythos_055', 'Minsk', '', 1, 1),
	('001', '001-001-000-000', '001-001-013-000', '001-001-013-056', '435030021B86', 'Clay Paky', 'Mythos 2', 'S/N AD016472/46', '1.cp_mythos_056', 'Minsk', '', 1, 1),
	('001', '001-001-000-000', '001-001-013-000', '001-001-013-057', '435030021B30', 'Clay Paky', 'Mythos 2', 'S/N AD016474/46', '1.cp_mythos_057', 'Minsk', '', 1, 1),
	('001', '001-001-000-000', '001-001-013-000', '001-001-013-058', '435030021720', 'Clay Paky', 'Mythos 2', 'S/N AD017430', '1.cp_mythos_058', 'Minsk', '', 1, 1),
	('001', '001-001-000-000', '001-001-013-000', '001-001-013-059', '435030021B33', 'Clay Paky', 'Mythos 2', 'S/N AD017375/48', '1.cp_mythos_059', 'Minsk', '', 1, 1),
	('001', '001-001-000-000', '001-001-013-000', '001-001-013-060', '435030021BB8', 'Clay Paky', 'Mythos 2', 'S/N AD016470/46', '1.cp_mythos_060', 'Minsk', '', 1, 1),
	('001', '001-001-000-000', '001-001-013-000', '001-001-013-064', '435030021C64', 'Clay Paky', 'Mythos 2', 'S/N AD017494/48', '1.cp_mythos_064', 'Minsk', '', 1, 1),
	('001', '001-001-000-000', '001-001-013-000', '001-001-013-065', '435030021B7E', 'Clay Paky', 'Mythos 2', 'S/N AD016383/46', '1.cp_mythos_065', 'Minsk', '', 1, 1),
	('001', '001-001-000-000', '001-001-013-000', '001-001-013-066', '4350300515A5', 'Clay Paky', 'Mythos 2', 'S/N AD017448', '1.cp_mythos_066', 'Minsk', '', 1, 1),
	('001', '001-001-000-000', '001-001-014-000', '001-001-014-001', '4350280532A8', 'Clay Paky', 'Scenius Spot', 'S/N AF001833', '1.cp_sc_spot_001', 'Minsk', '', 1, 1),
	('001', '001-001-000-000', '001-001-014-000', '001-001-014-002', '43502802631F', 'Clay Paky', 'Scenius Spot', 'S/N AF002511', '1.cp_sc_spot_002', 'Minsk', '', 1, 1),
	('001', '001-001-000-000', '001-001-014-000', '001-001-014-003', '435028026465', 'Clay Paky', 'Scenius Spot', 'S/N AF002538', '1.cp_sc_spot_003', 'Minsk', '', 1, 1),
	('001', '001-001-000-000', '001-001-014-000', '001-001-014-004', '435028053280', 'Clay Paky', 'Scenius Spot', 'S/N AF002435', '1.cp_sc_spot_004', 'Minsk', '', 1, 1),
	('001', '001-001-000-000', '001-001-014-000', '001-001-014-005', '435028025A52', 'Clay Paky', 'Scenius Spot', 'S/N AF001782', '1.cp_sc_spot_005', 'Minsk', '', 1, 1),
	('001', '001-001-000-000', '001-001-014-000', '001-001-014-006', '435028050ABF', 'Clay Paky', 'Scenius Spot', 'S/N AF001836', '1.cp_sc_spot_006', 'Minsk', '', 1, 1),
	('001', '001-001-000-000', '001-001-014-000', '001-001-014-007', '435028053286', 'Clay Paky', 'Scenius Spot', 'S/N AF002186', '1.cp_sc_spot_007', 'Minsk', '', 1, 1),
	('001', '001-001-000-000', '001-001-014-000', '001-001-014-008', '4350280262FE', 'Clay Paky', 'Scenius Spot', 'S/N AF002597', '1.cp_sc_spot_008', 'Minsk', '', 1, 1),
	('001', '001-001-000-000', '001-001-014-000', '001-001-014-009', '435028052682', 'Clay Paky', 'Scenius Spot', 'S/N AF002592', '1.cp_sc_spot_009', 'Minsk', '', 1, 1),
	('001', '001-001-000-000', '001-001-014-000', '001-001-014-010', '435028026360', 'Clay Paky', 'Scenius Spot', 'S/N AF002492', '1.cp_sc_spot_010', 'Minsk', '', 1, 1),
	('001', '001-001-000-000', '001-001-014-000', '001-001-014-011', '435028026372', 'Clay Paky', 'Scenius Spot', 'S/N AF002514', '1.cp_sc_spot_011', 'Minsk', '', 1, 1),
	('001', '001-001-000-000', '001-001-014-000', '001-001-014-012', '4350280532BF', 'Clay Paky', 'Scenius Spot', 'S/N AF001914', '1.cp_sc_spot_012', 'Minsk', '', 1, 1),
	('001', '001-001-000-000', '001-001-014-000', '001-001-014-013', '4350280262DD', 'Clay Paky', 'Scenius Spot', 'S/N AF002163', '1.cp_sc_spot_013', 'Minsk', '', 1, 1),
	('001', '001-001-000-000', '001-001-014-000', '001-001-014-014', '435028026434', 'Clay Paky', 'Scenius Spot', 'S/N AF002485', '1.cp_sc_spot_014', 'Minsk', '', 1, 1),
	('001', '001-001-000-000', '001-001-014-000', '001-001-014-015', '43502805329D', 'Clay Paky', 'Scenius Spot', 'S/N AF001829', '1.cp_sc_spot_015', 'Minsk', '', 1, 1),
	('001', '001-001-000-000', '001-001-014-000', '001-001-014-016', '435028026430', 'Clay Paky', 'Scenius Spot', 'S/N AF002411', '1.cp_sc_spot_016', 'Minsk', '', 1, 1),
	('001', '001-001-000-000', '001-001-014-000', '001-001-014-018', '435028026340', 'Clay Paky', 'Scenius Spot', 'S/N AF002222', '1.cp_sc_spot_018', 'Minsk', '', 1, 1),
	('001', '001-001-000-000', '001-001-014-000', '001-001-014-019', '435028050AE6', 'Clay Paky', 'Scenius Spot', 'S/N AF002344', '1.cp_sc_spot_019', 'Minsk', '', 1, 1),
	('001', '001-001-000-000', '001-001-014-000', '001-001-014-020', '435028026374', 'Clay Paky', 'Scenius Spot', 'S/N AF002414', '1.cp_sc_spot_020', 'Minsk', '', 1, 1),
	('001', '001-001-000-000', '001-001-014-000', '001-001-014-021', '43502802636A', 'Clay Paky', 'Scenius Spot', 'S/N AF002489', '1.cp_sc_spot_021', 'Minsk', '', 1, 1),
	('001', '001-001-000-000', '001-001-014-000', '001-001-014-022', '435028050AE3', 'Clay Paky', 'Scenius Spot', 'S/N AF002568', '1.cp_sc_spot_022', 'Minsk', '', 1, 1),
	('001', '001-001-000-000', '001-001-014-000', '001-001-014-023', '43502802633F', 'Clay Paky', 'Scenius Spot', 'S/N AF002008', '1.cp_sc_spot_023', 'Minsk', '', 1, 1),
	('001', '001-001-000-000', '001-001-014-000', '001-001-014-024', '43502802636C', 'Clay Paky', 'Scenius Spot', 'S/N AF002521', '1.cp_sc_spot_024', 'Minsk', '', 1, 1),
	('001', '001-001-000-000', '001-001-014-000', '001-001-014-025', '4350280262F9', 'Clay Paky', 'Scenius Spot', 'S/N AF002442', '1.cp_sc_spot_025', 'Minsk', '', 1, 1),
	('001', '001-001-000-000', '001-001-014-000', '001-001-014-026', '4350280532B3', 'Clay Paky', 'Scenius Spot', 'S/N AF001781', '1.cp_sc_spot_026', 'Minsk', '', 1, 1),
	('001', '001-001-000-000', '001-001-014-000', '001-001-014-027', '43502805244E', 'Clay Paky', 'Scenius Spot', 'S/N AF001780', '1.cp_sc_spot_027', 'Minsk', '', 1, 1),
	('001', '001-001-000-000', '001-001-014-000', '001-001-014-028', '435028026346', 'Clay Paky', 'Scenius Spot', 'S/N AE024369', '1.cp_sc_spot_028', 'Minsk', '', 1, 1),
	('001', '001-001-000-000', '001-001-014-000', '001-001-014-029', '435028026440', 'Clay Paky', 'Scenius Spot', 'S/N AF002549', '1.cp_sc_spot_029', 'Minsk', '', 1, 1),
	('001', '001-001-000-000', '001-001-014-000', '001-001-014-030', '4350280263CF', 'Clay Paky', 'Scenius Spot', 'S/N AF002599', '1.cp_sc_spot_030', 'Minsk', '', 1, 1),
	('001', '001-001-000-000', '001-001-014-000', '001-001-014-031', '435028052686', 'Clay Paky', 'Scenius Spot', 'S/N AF001880', '1.cp_sc_spot_031', 'Minsk', '', 1, 1),
	('001', '001-001-000-000', '001-001-014-000', '001-001-014-032', '4350280532BD', 'Clay Paky', 'Scenius Spot', 'S/N AF001959', '1.cp_sc_spot_032', 'Minsk', '', 1, 1),
	('001', '001-001-000-000', '001-001-014-000', '001-001-014-033', '4350280532A6', 'Clay Paky', 'Scenius Spot', 'S/N AF001682', '1.cp_sc_spot_033', 'Minsk', '', 1, 1),
	('001', '001-001-000-000', '001-001-014-000', '001-001-014-034', '435028026437', 'Clay Paky', 'Scenius Spot', 'S/N AF002416', '1.cp_sc_spot_034', 'Minsk', '', 1, 1),
	('001', '001-001-000-000', '001-001-014-000', '001-001-014-035', '4350280523B4', 'Clay Paky', 'Scenius Spot', 'S/N AF002512', '1.cp_sc_spot_035', 'Minsk', '', 1, 1),
	('001', '001-001-000-000', '001-001-014-000', '001-001-014-036', '435028053298', 'Clay Paky', 'Scenius Spot', 'S/N AF001793', '1.cp_sc_spot_036', 'Minsk', '', 1, 1),
	('001', '001-001-000-000', '001-001-014-000', '001-001-014-037', '435028026306', 'Clay Paky', 'Scenius Spot', 'S/N AF002537', '1.cp_sc_spot_037', 'Minsk', '', 1, 1),
	('001', '001-001-000-000', '001-001-014-000', '001-001-014-038', '4350280532C0', 'Clay Paky', 'Scenius Spot', 'S/N AF001557', '1.cp_sc_spot_038', 'Minsk', '', 1, 1),
	('001', '001-001-000-000', '001-001-014-000', '001-001-014-039', '43502805267C', 'Clay Paky', 'Scenius Spot', 'S/N AF002453', '1.cp_sc_spot_039', 'Minsk', '', 1, 1),
	('001', '001-001-000-000', '001-001-014-000', '001-001-014-040', '435028026318', 'Clay Paky', 'Scenius Spot', 'S/N AF002491', '1.cp_sc_spot_040', 'Minsk', '', 1, 1),
	('001', '001-001-000-000', '001-001-014-000', '001-001-014-041', '435028052FB9', 'Clay Paky', 'Scenius Spot', 'S/N AE023697', '1.cp_sc_spot_041', 'Minsk', '', 1, 1),
	('001', '001-001-000-000', '001-001-014-000', '001-001-014-042', '435028052653', 'Clay Paky', 'Scenius Spot', 'S/N AF000872', '1.cp_sc_spot_042', 'Minsk', '', 1, 1),
	('001', '001-001-000-000', '001-001-014-000', '001-001-014-043', '435028052FFC', 'Clay Paky', 'Scenius Spot', 'S/N AE024369', '1.cp_sc_spot_043', 'Minsk', '', 1, 1),
	('001', '001-001-000-000', '001-001-014-000', '001-001-014-044', '4350280523EA', 'Clay Paky', 'Scenius Spot', 'S/N AE024457', '1.cp_sc_spot_044', 'Minsk', '', 1, 1),
	('001', '001-001-000-000', '001-001-014-000', '001-001-014-045', '4350280531F0', 'Clay Paky', 'Scenius Spot', 'S/N AF000917', '1.cp_sc_spot_045', 'Minsk', '', 1, 1),
	('001', '001-001-000-000', '001-001-014-000', '001-001-014-046', '43502805261D', 'Clay Paky', 'Scenius Spot', 'S/N AE024363', '1.cp_sc_spot_046', 'Minsk', '', 1, 1),
	('001', '001-001-000-000', '001-001-014-000', '001-001-014-047', '435028052400', 'Clay Paky', 'Scenius Spot', 'S/N AF000913', '1.cp_sc_spot_047', 'Minsk', '', 1, 1),
	('001', '001-001-000-000', '001-001-014-000', '001-001-014-048', '4350280523D3', 'Clay Paky', 'Scenius Spot', 'S/N AF000908', '1.cp_sc_spot_048', 'Minsk', '', 1, 1),
	('001', '001-001-000-000', '001-001-014-000', '001-001-014-049', '435028052E40', 'Clay Paky', 'Scenius Spot', 'S/N AE023632', '1.cp_sc_spot_049', 'Minsk', '', 1, 1),
	('001', '001-001-000-000', '001-001-014-000', '001-001-014-050', '4350280530B5', 'Clay Paky', 'Scenius Spot', 'S/N AE024462', '1.cp_sc_spot_050', 'Minsk', '', 1, 1),
	('001', '001-001-000-000', '001-001-014-000', '001-001-014-051', '435028052646', 'Clay Paky', 'Scenius Spot', 'S/N AF000916', '1.cp_sc_spot_051', 'Minsk', '', 1, 1),
	('001', '001-001-000-000', '001-001-014-000', '001-001-014-052', '435028025A4D', 'Clay Paky', 'Scenius Spot', 'S/N AE023043', '1.cp_sc_spot_052', 'Minsk', '', 1, 1),
	('001', '001-001-000-000', '001-001-014-000', '001-001-014-053', '435028052EAB', 'Clay Paky', 'Scenius Spot', 'S/N AE024461', '1.cp_sc_spot_053', 'Minsk', '', 1, 1),
	('001', '001-001-000-000', '001-001-014-000', '001-001-014-054', '435028052E7B', 'Clay Paky', 'Scenius Spot', 'S/N AE024470', '1.cp_sc_spot_054', 'Minsk', '', 1, 1),
	('001', '001-001-000-000', '001-001-014-000', '001-001-014-055', '435028053005', 'Clay Paky', 'Scenius Spot', 'S/N AE023875', '1.cp_sc_spot_055', 'Minsk', '', 1, 1),
	('001', '001-001-000-000', '001-001-014-000', '001-001-014-056', '435028052FD3', 'Clay Paky', 'Scenius Spot', 'S/N AE023856', '1.cp_sc_spot_056', 'Minsk', '', 1, 1),
	('001', '001-001-000-000', '001-001-014-000', '001-001-014-057', '4350280531FB', 'Clay Paky', 'Scenius Spot', 'S/N AF000871', '1.cp_sc_spot_057', 'Minsk', '', 1, 1),
	('001', '001-001-000-000', '001-001-014-000', '001-001-014-058', '435028052FBC', 'Clay Paky', 'Scenius Spot', 'S/N AE023859', '1.cp_sc_spot_058', 'Minsk', '', 1, 1),
	('001', '001-001-000-000', '001-001-014-000', '001-001-014-059', '435028052E56', 'Clay Paky', 'Scenius Spot', 'S/N AE023857', '1.cp_sc_spot_059', 'Minsk', '', 1, 1),
	('001', '001-001-000-000', '001-001-014-000', '001-001-014-060', '435028052650', 'Clay Paky', 'Scenius Spot', 'S/N AF000842', '1.cp_sc_spot_060', 'Minsk', '', 1, 1),
	('001', '001-001-000-000', '001-001-014-000', '001-001-014-061', '4350280523DE', 'Clay Paky', 'Scenius Spot', 'S/N AF000915', '1.cp_sc_spot_061', 'Minsk', '', 1, 1),
	('001', '001-001-000-000', '001-001-014-000', '001-001-014-062', '4350280523B0', 'Clay Paky', 'Scenius Spot', 'S/N AE024372', '1.cp_sc_spot_062', 'Minsk', '', 1, 1),
	('001', '001-001-000-000', '001-001-014-000', '001-001-014-063', '435028025A28', 'Clay Paky', 'Scenius Spot', 'S/N AE023766', '1.cp_sc_spot_063', 'Minsk', '', 1, 1),
	('001', '001-001-000-000', '001-001-014-000', '001-001-014-064', '435028025A49', 'Clay Paky', 'Scenius Spot', 'S/N AE022640', '1.cp_sc_spot_064', 'Minsk', '', 1, 1),
	('001', '001-001-000-000', '001-001-014-000', '001-001-014-065', '435028053013', 'Clay Paky', 'Scenius Spot', 'S/N AE024460', '1.cp_sc_spot_065', 'Minsk', '', 1, 1),
	('001', '001-001-000-000', '001-001-014-000', '001-001-014-066', '435028025A12', 'Clay Paky', 'Scenius Spot', 'S/N AE022587', '1.cp_sc_spot_066', 'Minsk', '', 1, 1),
	('001', '001-001-000-000', '001-001-014-000', '001-001-014-067', '435028052E55', 'Clay Paky', 'Scenius Spot', 'S/N AE023662', '1.cp_sc_spot_067', 'Minsk', '', 1, 1),
	('001', '001-001-000-000', '001-001-014-000', '001-001-014-068', '4350280259A7', 'Clay Paky', 'Scenius Spot', 'S/N AF000656', '1.cp_sc_spot_068', 'Minsk', '', 1, 1),
	('001', '001-001-000-000', '001-001-014-000', '001-001-014-069', '435028025A4B', 'Clay Paky', 'Scenius Spot', 'S/N AE022714', '1.cp_sc_spot_069', 'Minsk', '', 1, 1),
	('001', '001-001-000-000', '001-001-014-000', '001-001-014-070', '435028025A11', 'Clay Paky', 'Scenius Spot', 'S/N AE022393', '1.cp_sc_spot_070', 'Minsk', '', 1, 1),
	('001', '001-001-000-000', '001-001-014-000', '001-001-014-071', '4350280523ED', 'Clay Paky', 'Scenius Spot', 'S/N AF000778', '1.cp_sc_spot_071', 'Minsk', '', 1, 1),
	('001', '001-001-000-000', '001-001-014-000', '001-001-014-072', '435028053007', 'Clay Paky', 'Scenius Spot', 'S/N AE024364', '1.cp_sc_spot_072', 'Minsk', '', 1, 1),
	('001', '001-001-000-000', '001-001-014-000', '001-001-014-073', '435028052E41', 'Clay Paky', 'Scenius Spot', 'S/N AE023858', '1.cp_sc_spot_073', 'Minsk', '', 1, 1),
	('001', '001-001-000-000', '001-001-014-000', '001-001-014-074', '435028052E42', 'Clay Paky', 'Scenius Spot', 'S/N AE023670', '1.cp_sc_spot_074', 'Minsk', '', 1, 1),
	('001', '001-001-000-000', '001-001-014-000', '001-001-014-075', '435028052F9A', 'Clay Paky', 'Scenius Spot', 'S/N AE023874', '1.cp_sc_spot_075', 'Minsk', '', 1, 1),
	('001', '001-001-000-000', '001-001-014-000', '001-001-014-076', '435028052FEA', 'Clay Paky', 'Scenius Spot', 'S/N AE023799', '1.cp_sc_spot_076', 'Minsk', '', 1, 1),
	('001', '001-001-000-000', '001-001-014-000', '001-001-014-077', '435028052428', 'Clay Paky', 'Scenius Spot', 'S/N AE023860', '1.cp_sc_spot_077', 'Minsk', '', 1, 1),
	('001', '001-001-000-000', '001-001-014-000', '001-001-014-078', '435028052E8A', 'Clay Paky', 'Scenius Spot', 'S/N AE023853', '1.cp_sc_spot_078', 'Minsk', '', 1, 1),
	('001', '001-001-000-000', '001-001-014-000', '001-001-014-079', '435028025A63', 'Clay Paky', 'Scenius Spot', 'S/N AE024473', '1.cp_sc_spot_079', 'Minsk', '', 1, 1),
	('001', '001-001-000-000', '001-001-014-000', '001-001-014-080', '435028025A6F', 'Clay Paky', 'Scenius Spot', 'S/N AF000789', '1.cp_sc_spot_080', 'Minsk', '', 1, 1),
	('001', '001-001-000-000', '001-001-015-000', '001-001-015-001', '43503405803D', 'Clay Paky', 'Scenius Unico', 'S/N AG004791', '1.cp_sc_unico_001', 'Minsk', '', 1, 1),
	('001', '001-001-000-000', '001-001-015-000', '001-001-015-002', '435034055F7C', 'Clay Paky', 'Scenius Unico', 'S/N AG004920', '1.cp_sc_unico_002', 'Minsk', '', 1, 1),
	('001', '001-001-000-000', '001-001-015-000', '001-001-015-003', '435034055ED7', 'Clay Paky', 'Scenius Unico', 'S/N AG004654', '1.cp_sc_unico_003', 'Minsk', '', 1, 1),
	('001', '001-001-000-000', '001-001-015-000', '001-001-015-004', '435034055F8A', 'Clay Paky', 'Scenius Unico', 'S/N AG004940', '1.cp_sc_unico_004', 'Minsk', '', 1, 1),
	('001', '001-001-000-000', '001-001-015-000', '001-001-015-005', '435034056011', 'Clay Paky', 'Scenius Unico', 'S/N AG004953', '1.cp_sc_unico_005', 'Minsk', '', 1, 1),
	('001', '001-001-000-000', '001-001-015-000', '001-001-015-006', '435034055F95', 'Clay Paky', 'Scenius Unico', 'S/N AG004887', '1.cp_sc_unico_006', 'Minsk', '', 1, 1),
	('001', '001-001-000-000', '001-001-015-000', '001-001-015-007', '43503405605F', 'Clay Paky', 'Scenius Unico', 'S/N AG004753', '1.cp_sc_unico_007', 'Minsk', '', 1, 1),
	('001', '001-001-000-000', '001-001-015-000', '001-001-015-008', '435034055F79', 'Clay Paky', 'Scenius Unico', 'S/N AG005023', '1.cp_sc_unico_008', 'Minsk', '', 1, 1),
	('001', '001-001-000-000', '001-001-015-000', '001-001-015-009', '43503405625B', 'Clay Paky', 'Scenius Unico', 'S/N  AG004958', '1.cp_sc_unico_009', 'Minsk', '', 1, 1),
	('001', '001-001-000-000', '001-001-015-000', '001-001-015-010', '435034055F6E', 'Clay Paky', 'Scenius Unico', 'S/N AG004790', '1.cp_sc_unico_010', 'Minsk', '', 1, 1),
	('001', '001-001-000-000', '001-001-015-000', '001-001-015-011', '435034057FDA', 'Clay Paky', 'Scenius Unico', 'S/N  AH003617', '1.cp_sc_unico_011', 'Minsk', '', 1, 1),
	('001', '001-001-000-000', '001-001-015-000', '001-001-015-012', '435034056274', 'Clay Paky', 'Scenius Unico', 'S/N AG005066', '1.cp_sc_unico_012', 'Minsk', '', 1, 1),
	('001', '001-001-000-000', '001-001-015-000', '001-001-015-013', '435034056F0A', 'Clay Paky', 'Scenius Unico', 'S/N AG007860', '1.cp_sc_unico_013', 'Minsk', '', 1, 1),
	('001', '001-001-000-000', '001-001-015-000', '001-001-015-014', '4350340286F6', 'Clay Paky', 'Scenius Unico', 'S/N AH009873', '1.cp_sc_unico_014', 'Minsk', '', 1, 1),
	('001', '001-001-000-000', '001-001-015-000', '001-001-015-015', '435034056266', 'Clay Paky', 'Scenius Unico', 'S/N  AG004932', '1.cp_sc_unico_015', 'Minsk', '', 1, 1),
	('001', '001-001-000-000', '001-001-015-000', '001-001-015-016', '4350340584CB', 'Clay Paky', 'Scenius Unico', 'S/N AH003618', '1.cp_sc_unico_016', 'Minsk', '', 1, 1),
	('001', '001-001-000-000', '001-001-015-000', '001-001-015-017', '435034055EBA', 'Clay Paky', 'Scenius Unico', 'S/N AG004792', '1.cp_sc_unico_017', 'Minsk', '', 1, 1),
	('001', '001-001-000-000', '001-001-015-000', '001-001-015-018', '435034056082', 'Clay Paky', 'Scenius Unico', 'S/N AG004757', '1.cp_sc_unico_018', 'Minsk', '', 1, 1),
	('001', '001-001-000-000', '001-001-015-000', '001-001-015-019', '435034058005', 'Clay Paky', 'Scenius Unico', 'S/N AH003642', '1.cp_sc_unico_019', 'Minsk', '', 1, 1),
	('001', '001-001-000-000', '001-001-015-000', '001-001-015-020', '435034058007', 'Clay Paky', 'Scenius Unico', 'S/N  AH003553', '1.cp_sc_unico_020', 'Minsk', '', 1, 1),
	('001', '001-001-000-000', '001-001-015-000', '001-001-015-021', '435034055EEA', 'Clay Paky', 'Scenius Unico', 'S/N AG004794', '1.cp_sc_unico_021', 'Minsk', '', 1, 1),
	('001', '001-001-000-000', '001-001-015-000', '001-001-015-022', '435034057A72', 'Clay Paky', 'Scenius Unico', 'S/N AH003638', '1.cp_sc_unico_022', 'Minsk', '', 1, 1),
	('001', '001-001-000-000', '001-001-015-000', '001-001-015-023', '435034055EB5', 'Clay Paky', 'Scenius Unico', 'S/N  AG004956', '1.cp_sc_unico_023', 'Minsk', '', 1, 1),
	('001', '001-001-000-000', '001-001-015-000', '001-001-015-024', '435034058162', 'Clay Paky', 'Scenius Unico', 'S/N  AH003619', '1.cp_sc_unico_024', 'Minsk', '', 1, 1),
	('001', '001-001-000-000', '001-001-015-000', '001-001-015-025', '435034055F83', 'Clay Paky', 'Scenius Unico', 'S/N AG004762', '1.cp_sc_unico_025', 'Minsk', '', 1, 1),
	('001', '001-001-000-000', '001-001-015-000', '001-001-015-026', '4350340584F6', 'Clay Paky', 'Scenius Unico', 'S/N AH003643', '1.cp_sc_unico_026', 'Minsk', '', 1, 1),
	('001', '001-001-000-000', '001-001-015-000', '001-001-015-028', '435034055ED2', 'Clay Paky', 'Scenius Unico', 'S/N AG004803', '1.cp_sc_unico_028', 'Minsk', '', 1, 1),
	('001', '001-001-000-000', '001-001-015-000', '001-001-015-029', '435034055EE5', 'Clay Paky', 'Scenius Unico', 'S/N AG004737', '1.cp_sc_unico_029', 'Minsk', '', 1, 1),
	('001', '001-001-000-000', '001-001-015-000', '001-001-015-030', '435034058072', 'Clay Paky', 'Scenius Unico', 'S/N AH003637', '1.cp_sc_unico_030', 'Minsk', '', 1, 1),
	('001', '001-001-000-000', '001-001-015-000', '001-001-015-031', '435034055EA4', 'Clay Paky', 'Scenius Unico', 'S/N AG004739', '1.cp_sc_unico_031', 'Minsk', '', 1, 1),
	('001', '001-001-000-000', '001-001-015-000', '001-001-015-032', '435034055EB6', 'Clay Paky', 'Scenius Unico', 'S/N AG004793', '1.cp_sc_unico_032', 'Minsk', '', 1, 1),
	('001', '001-001-000-000', '001-001-015-000', '001-001-015-033', '435034055EC6', 'Clay Paky', 'Scenius Unico', 'S/N AG004761', '1.cp_sc_unico_033', 'Minsk', '', 1, 1),
	('001', '001-001-000-000', '001-001-015-000', '001-001-015-034', '435034057FEC', 'Clay Paky', 'Scenius Unico', 'S/N AH003647', '1.cp_sc_unico_034', 'Minsk', '', 1, 1),
	('001', '001-001-000-000', '001-001-015-000', '001-001-015-035', '435034056088', 'Clay Paky', 'Scenius Unico', 'S/N AG004750', '1.cp_sc_unico_035', 'Minsk', '', 1, 1),
	('001', '001-001-000-000', '001-001-015-000', '001-001-015-036', '4350340286E8', 'Clay Paky', 'Scenius Unico', 'S/N  AH009918', '1.cp_sc_unico_036', 'Minsk', '', 1, 1),
	('001', '001-001-000-000', '001-001-015-000', '001-001-015-037', '435034055F4C', 'Clay Paky', 'Scenius Unico', 'S/N AG005128', '1.cp_sc_unico_037', 'Minsk', '', 1, 1),
	('001', '001-001-000-000', '001-001-015-000', '001-001-015-038', '435034055E80', 'Clay Paky', 'Scenius Unico', 'S/N AG004966', '1.cp_sc_unico_038', 'Minsk', '', 1, 1),
	('001', '001-001-000-000', '001-001-015-000', '001-001-015-039', '435034055E83', 'Clay Paky', 'Scenius Unico', 'S/N AG005129', '1.cp_sc_unico_039', 'Minsk', '', 1, 1),
	('001', '001-001-000-000', '001-001-015-000', '001-001-015-040', '435034058015', 'Clay Paky', 'Scenius Unico', 'S/N AH003623', '1.cp_sc_unico_040', 'Minsk', '', 1, 1),
	('001', '001-001-000-000', '001-001-015-000', '001-001-015-041', '435034057FFF', 'Clay Paky', 'Scenius Unico', 'S/N  AH003650', '1.cp_sc_unico_041', 'Minsk', '', 1, 1),
	('001', '001-001-000-000', '001-001-015-000', '001-001-015-042', '4350340585B6', 'Clay Paky', 'Scenius Unico', 'S/N AH003592', '1.cp_sc_unico_042', 'Minsk', '', 1, 1),
	('001', '001-001-000-000', '001-001-015-000', '001-001-015-043', '435034055E7F', 'Clay Paky', 'Scenius Unico', 'S/N  AG004959', '1.cp_sc_unico_043', 'Minsk', '', 1, 1),
	('001', '001-001-000-000', '001-001-015-000', '001-001-015-044', '435034055F53', 'Clay Paky', 'Scenius Unico', 'S/N AG005061', '1.cp_sc_unico_044', 'Minsk', '', 1, 1),
	('001', '001-001-000-000', '001-001-015-000', '001-001-015-045', '435034028581', 'Clay Paky', 'Scenius Unico', 'S/N AH009874', '1.cp_sc_unico_045', 'Minsk', '', 1, 1),
	('001', '001-001-000-000', '001-001-015-000', '001-001-015-046', '435034028505', 'Clay Paky', 'Scenius Unico', 'SN AH009998', '1.cp_sc_unico_046', 'Minsk', '', 1, 1),
	('001', '001-001-000-000', '001-001-015-000', '001-001-015-047', '4350340286F0', 'Clay Paky', 'Scenius Unico', 'S/N AH009870', '1.cp_sc_unico_047', 'Minsk', '', 1, 1),
	('001', '001-001-000-000', '001-001-015-000', '001-001-015-048', '435034028537', 'Clay Paky', 'Scenius Unico', 'S/N AH010033', '1.cp_sc_unico_048', 'Minsk', '', 1, 1),
	('001', '001-001-000-000', '001-001-015-000', '001-001-015-049', '435034028585', 'Clay Paky', 'Scenius Unico', 'S/N AH009895', '1.cp_sc_unico_049', 'Minsk', '', 1, 1),
	('001', '001-001-000-000', '001-001-015-000', '001-001-015-050', '435034058073', 'Clay Paky', 'Scenius Unico', 'S/N  AH003641', '1.cp_sc_unico_050', 'Minsk', '', 1, 1),
	('001', '001-001-000-000', '001-001-015-000', '001-001-015-051', '435034028545', 'Clay Paky', 'Scenius Unico', 'S/N  AH010032', '1.cp_sc_unico_051', 'Minsk', '', 1, 1),
	('001', '001-001-000-000', '001-001-015-000', '001-001-015-052', '435034055F85', 'Clay Paky', 'Scenius Unico', 'S/N AH010021', '1.cp_sc_unico_052', 'Minsk', '', 1, 1),
	('001', '001-001-000-000', '001-001-015-000', '001-001-015-053', '4350340286F2', 'Clay Paky', 'Scenius Unico', 'S/N AH010031', '1.cp_sc_unico_053', 'Minsk', '', 1, 1),
	('001', '001-001-000-000', '001-001-015-000', '001-001-015-054', '43503405626E', 'Clay Paky', 'Scenius Unico', 'S/N AG004965', '1.cp_sc_unico_054', 'Minsk', '', 1, 1),
	('001', '001-001-000-000', '001-001-015-000', '001-001-015-055', '4350340284A0', 'Clay Paky', 'Scenius Unico', 'S/N AH009871', '1.cp_sc_unico_055', 'Minsk', '', 1, 1),
	('001', '001-001-000-000', '001-001-015-000', '001-001-015-056', '435034055F27', 'Clay Paky', 'Scenius Unico', 'S/N AG004943', '1.cp_sc_unico_056', 'Minsk', '', 1, 1),
	('001', '001-001-000-000', '001-001-015-000', '001-001-015-057', '43503402852C', 'Clay Paky', 'Scenius Unico', 'S/N AH009872', '1.cp_sc_unico_057', 'Minsk', '', 1, 1),
	('001', '001-001-000-000', '001-001-015-000', '001-001-015-058', '435034055EDB', 'Clay Paky', 'Scenius Unico', 'S/N AG004789', '1.cp_sc_unico_058', 'Minsk', '', 1, 1),
	('001', '001-001-000-000', '001-001-015-000', '001-001-015-059', '435034055F56', 'Clay Paky', 'Scenius Unico', 'S/N AG005130', '1.cp_sc_unico_059', 'Minsk', '', 1, 1),
	('001', '001-001-000-000', '001-001-015-000', '001-001-015-060', '435034057FD3', 'Clay Paky', 'Scenius Unico', 'S/N AH003635', '1.cp_sc_unico_060', 'Minsk', '', 1, 1),
	('001', '001-001-000-000', '001-001-015-000', '001-001-015-061', '435034058046', 'Clay Paky', 'Scenius Unico', 'S/N AH003624', '1.cp_sc_unico_061', 'Minsk', '', 1, 1),
	('001', '001-001-000-000', '001-001-015-000', '001-001-015-062', '43503405603D', 'Clay Paky', 'Scenius Unico', 'S/N AG005026', '1.cp_sc_unico_062', 'Minsk', '', 1, 1),
	('001', '001-001-000-000', '001-001-015-000', '001-001-015-063', '435034056F5D', 'Clay Paky', 'Scenius Unico', 'S/N  AG007913', '1.cp_sc_unico_063', 'Minsk', '', 1, 1),
	('001', '001-001-000-000', '001-001-015-000', '001-001-015-064', '435034055F26', 'Clay Paky', 'Scenius Unico', 'S/N AG004925', '1.cp_sc_unico_064', 'Minsk', '', 1, 1),
	('001', '001-001-000-000', '001-001-016-000', '001-001-016-001', '43501601BCB7', 'Clay Paky', 'Sharpy', 'S/N AA006058', '1.cp_sharpy_001', 'Minsk', '', 1, 1),
	('001', '001-001-000-000', '001-001-016-000', '001-001-016-002', '43501601449C', 'Clay Paky', 'Sharpy', 'S/N AA012737/44', '1.cp_sharpy_002', 'Minsk', '', 1, 1),
	('001', '001-001-000-000', '001-001-016-000', '001-001-016-003', '4350160145FC', 'Clay Paky', 'Sharpy', 'S/N AA012740', '1.cp_sharpy_003', 'Minsk', '', 1, 1),
	('001', '001-001-000-000', '001-001-016-000', '001-001-016-004', '4350160146B8', 'Clay Paky', 'Sharpy', 'S/N AA012781', '1.cp_sharpy_004', 'Minsk', '', 1, 1),
	('001', '001-001-000-000', '001-001-016-000', '001-001-016-005', '43501601462B', 'Clay Paky', 'Sharpy', 'S/N AA012760', '1.cp_sharpy_005', 'Minsk', '', 1, 1),
	('001', '001-001-000-000', '001-001-016-000', '001-001-016-006', '435016016055', 'Clay Paky', 'Sharpy', 'S/N AA012741', '1.cp_sharpy_006', 'Minsk', '', 1, 1),
	('001', '001-001-000-000', '001-001-016-000', '001-001-016-007', '4350160164C5', 'Clay Paky', 'Sharpy', 'S/N AB006179', '1.cp_sharpy_007', 'Minsk', '', 1, 1),
	('001', '001-001-000-000', '001-001-016-000', '001-001-016-008', '4350160161B1', 'Clay Paky', 'Sharpy', 'S/N AB006180', '1.cp_sharpy_008', 'Minsk', '', 1, 1),
	('001', '001-001-000-000', '001-001-016-000', '001-001-016-009', '43501601619E', 'Clay Paky', 'Sharpy', 'S/N AB006094/14', '1.cp_sharpy_009', 'Minsk', '', 1, 1),
	('001', '001-001-000-000', '001-001-016-000', '001-001-016-010', '4350160141A4', 'Clay Paky', 'Sharpy', 'S/N AA012735/44', '1.cp_sharpy_010', 'Minsk', '', 1, 1),
	('001', '001-001-000-000', '001-001-016-000', '001-001-016-011', '435016016536', 'Clay Paky', 'Sharpy', 'S/N AB006178', '1.cp_sharpy_011', 'Minsk', '', 1, 1),
	('001', '001-001-000-000', '001-001-016-000', '001-001-016-012', '435016016411', 'Clay Paky', 'Sharpy', 'S/N AB005981', '1.cp_sharpy_012', 'Minsk', '', 1, 1),
	('001', '001-001-000-000', '001-001-016-000', '001-001-016-013', '435016014327', 'Clay Paky', 'Sharpy', 'S/N AA012709', '1.cp_sharpy_013', 'Minsk', '', 1, 1),
	('001', '001-001-000-000', '001-001-016-000', '001-001-016-014', '4350160146B6', 'Clay Paky', 'Sharpy', 'S/N AA012745', '1.cp_sharpy_014', 'Minsk', '', 1, 1),
	('001', '001-001-000-000', '001-001-016-000', '001-001-016-015', '4350160146BE', 'Clay Paky', 'Sharpy', 'S/N AB006013', '1.cp_sharpy_015', 'Minsk', '', 1, 1),
	('001', '001-001-000-000', '001-001-016-000', '001-001-016-016', '435016014180', 'Clay Paky', 'Sharpy', 'S/N AA12744/44', '1.cp_sharpy_016', 'Minsk', '', 1, 1),
	('001', '001-001-000-000', '001-001-016-000', '001-001-016-017', '4350160146BB', 'Clay Paky', 'Sharpy', 'S/N AA012746', '1.cp_sharpy_017', 'Minsk', '', 1, 1),
	('001', '001-001-000-000', '001-001-016-000', '001-001-016-018', '4350160164AB', 'Clay Paky', 'Sharpy', 'S/N AB006195', '1.cp_sharpy_018', 'Minsk', '', 1, 1),
	('001', '001-001-000-000', '001-001-016-000', '001-001-016-019', '435016016321', 'Clay Paky', 'Sharpy', 'S/N AB006187/45', '1.cp_sharpy_019', 'Minsk', '', 1, 1),
	('001', '001-001-000-000', '001-001-016-000', '001-001-016-020', '43501601417B', 'Clay Paky', 'Sharpy', 'S/N AA012736', '1.cp_sharpy_020', 'Minsk', '', 1, 1),
	('001', '001-001-000-000', '001-001-016-000', '001-001-016-021', '43501601417F', 'Clay Paky', 'Sharpy', 'S/N AA012756/44', '1.cp_sharpy_021', 'Minsk', '', 1, 1),
	('001', '001-001-000-000', '001-001-016-000', '001-001-016-022', '435016016150', 'Clay Paky', 'Sharpy', 'S/N AB006097', '1.cp_sharpy_022', 'Minsk', '', 1, 1),
	('001', '001-001-000-000', '001-001-016-000', '001-001-016-023', '43501601452A', 'Clay Paky', 'Sharpy', 'S/N AA012757', '1.cp_sharpy_023', 'Minsk', '', 1, 1),
	('001', '001-001-000-000', '001-001-016-000', '001-001-016-024', '435016016161', 'Clay Paky', 'Sharpy', 'S/N Ab006015', '1.cp_sharpy_024', 'Minsk', '', 1, 1),
	('001', '001-001-000-000', '001-001-016-000', '001-001-016-025', '43501605079E', 'Clay Paky', 'Sharpy', 'S/N AC006037', '1.cp_sharpy_025', 'Minsk', '', 1, 1),
	('001', '001-001-000-000', '001-001-016-000', '001-001-016-026', '4350160146EE', 'Clay Paky', 'Sharpy', 'S/N AA001272', '1.cp_sharpy_026', 'Minsk', '', 1, 1),
	('001', '001-001-000-000', '001-001-016-000', '001-001-016-027', '435016015862', 'Clay Paky', 'Sharpy', 'S/N AB006096', '1.cp_sharpy_027', 'Minsk', '', 1, 1),
	('001', '001-001-000-000', '001-001-016-000', '001-001-016-028', '4350160163E3', 'Clay Paky', 'Sharpy', 'S/NAA012793', '1.cp_sharpy_028', 'Minsk', '', 1, 1),
	('001', '001-001-000-000', '001-001-016-000', '001-001-016-029', '435016016200', 'Clay Paky', 'Sharpy', 'S/N AB006093/14', '1.cp_sharpy_029', 'Minsk', '', 1, 1),
	('001', '001-001-000-000', '001-001-016-000', '001-001-016-031', '4350160146A0', 'Clay Paky', 'Sharpy', 'S/N AA012739', '1.cp_sharpy_031', 'Minsk', '', 1, 1),
	('001', '001-001-000-000', '001-001-016-000', '001-001-016-032', '435016014529', 'Clay Paky', 'Sharpy', 'S/N AA012759', '1.cp_sharpy_032', 'Minsk', '', 1, 1),
	('001', '001-001-000-000', '001-001-016-000', '001-001-016-033', '4350160163E1', 'Clay Paky', 'Sharpy', 'S/N AB006014', '1.cp_sharpy_033', 'Minsk', '', 1, 1),
	('001', '001-001-000-000', '001-001-016-000', '001-001-016-034', '4350160146E9', 'Clay Paky', 'Sharpy', 'S/N AA012792', '1.cp_sharpy_034', 'Minsk', '', 1, 1),
	('001', '001-001-000-000', '001-001-016-000', '001-001-016-035', '4350160144F9', 'Clay Paky', 'Sharpy', 'S/N AA012791', '1.cp_sharpy_035', 'Minsk', '', 1, 1),
	('001', '001-001-000-000', '001-001-016-000', '001-001-016-036', '43501601652F', 'Clay Paky', 'Sharpy', 'S/N AB006170', '1.cp_sharpy_036', 'Minsk', '', 1, 1),
	('001', '001-001-000-000', '001-001-016-000', '001-001-016-037', '435016014524', 'Clay Paky', 'Sharpy', 'S/N AB005980/14', '1.cp_sharpy_037', 'Minsk', '', 1, 1),
	('001', '001-001-000-000', '001-001-016-000', '001-001-016-038', '435016014539', 'Clay Paky', 'Sharpy', 'S/N AA012743/44', '1.cp_sharpy_038', 'Minsk', '', 1, 1),
	('001', '001-001-000-000', '001-001-016-000', '001-001-016-039', '4350160146BF', 'Clay Paky', 'Sharpy', 'S/N AA013758', '1.cp_sharpy_039', 'Minsk', '', 1, 1),
	('001', '001-001-000-000', '001-001-016-000', '001-001-016-040', '435016016040', 'Clay Paky', 'Sharpy', 'S/N AB005979', '1.cp_sharpy_040', 'Minsk', '', 1, 1),
	('001', '001-001-000-000', '001-001-016-000', '001-001-016-041', '435016016522', 'Clay Paky', 'Sharpy', 'S/N AB006092', '1.cp_sharpy_041', 'Minsk', '', 1, 1),
	('001', '001-001-000-000', '001-001-016-000', '001-001-016-042', '435016026032', 'Clay Paky', 'Sharpy', 'S/N AB006019', '1.cp_sharpy_042', 'Minsk', '', 1, 1),
	('001', '001-001-000-000', '001-001-016-000', '001-001-016-043', '4350160161A4', 'Clay Paky', 'Sharpy', 'S/N AB006018', '1.cp_sharpy_043', 'Minsk', '', 1, 1),
	('001', '001-001-000-000', '001-001-016-000', '001-001-016-044', '435016014677', 'Clay Paky', 'Sharpy', 'S/N AA012782/45', '1.cp_sharpy_044', 'Minsk', '', 1, 1),
	('001', '001-001-000-000', '001-001-016-000', '001-001-016-045', '435016014520', 'Clay Paky', 'Sharpy', 'S/N AA012742/44', '1.cp_sharpy_045', 'Minsk', '', 1, 1),
	('001', '001-001-000-000', '001-001-016-000', '001-001-016-046', '435016016018', 'Clay Paky', 'Sharpy', 'S/N AB005999/44', '1.cp_sharpy_046', 'Minsk', '', 1, 1),
	('001', '001-001-000-000', '001-001-016-000', '001-001-016-047', '4350160163DA', 'Clay Paky', 'Sharpy', 'S/N AB005974', '1.cp_sharpy_047', 'Minsk', '', 1, 1),
	('001', '001-001-000-000', '001-001-016-000', '001-001-016-048', '4350160146E5', 'Clay Paky', 'Sharpy', 'S/N AA012780', '1.cp_sharpy_048', 'Minsk', '', 1, 1),
	('001', '001-001-000-000', '001-001-017-000', '001-001-017-003', '435016B00011', 'Clay Paky', 'Sharpy Plus Aqua', 'S/N AI108295', '1.cp_sharpy_a_003', 'Minsk', '', 1, 1),
	('001', '001-001-000-000', '001-001-017-000', '001-001-017-008', '435016B00009', 'Clay Paky', 'Sharpy Plus Aqua', 'S/N AI108291', '1.cp_sharpy_a_008', 'Minsk', '', 1, 1),
	('001', '001-001-000-000', '001-001-017-000', '001-001-017-014', '435016B0000D', 'Clay Paky', 'Sharpy Plus Aqua', 'S/N AI108293', '1.cp_sharpy_a_014', 'Minsk', '', 1, 1),
	('001', '001-001-000-000', '001-001-017-000', '001-001-017-025', '435016B000E7', 'Clay Paky', 'Sharpy Plus Aqua', 'S/N BZ100321', '1.cp_sharpy_a_025', 'Minsk', '', 1, 1),
	('001', '001-001-000-000', '001-001-018-000', '001-001-018-001', '43501E01BBAF', 'Clay Paky', 'Sharpy Wash 330', 'S/N AC006872', '1.cp_sharpy_w_001', 'Minsk', '', 1, 1),
	('001', '001-001-000-000', '001-001-018-000', '001-001-018-002', '43501E050271', 'Clay Paky', 'Sharpy Wash 330', 'S/N AC002008', '1.cp_sharpy_w_002', 'Minsk', '', 1, 1),
	('001', '001-001-000-000', '001-001-018-000', '001-001-018-003', '43501E01BBCB', 'Clay Paky', 'Sharpy Wash 330', 'S/N AC007248', '1.cp_sharpy_w_003', 'Minsk', '', 1, 1),
	('001', '001-001-000-000', '001-001-018-000', '001-001-018-004', '43501E05028D', 'Clay Paky', 'Sharpy Wash 330', 'S/N AC001993', '1.cp_sharpy_w_004', 'Minsk', '', 1, 1),
	('001', '001-001-000-000', '001-001-018-000', '001-001-018-005', '43501E01B02E', 'Clay Paky', 'Sharpy Wash 330', 'S/N AC002024', '1.cp_sharpy_w_005', 'Minsk', '', 1, 1),
	('001', '001-001-000-000', '001-001-018-000', '001-001-018-006', '43501E01BA1B', 'Clay Paky', 'Sharpy Wash 330', 'S/N AC007347', '1.cp_sharpy_w_006', 'Minsk', '', 1, 1),
	('001', '001-001-000-000', '001-001-018-000', '001-001-018-007', '43501E0502A3', 'Clay Paky', 'Sharpy Wash 330', 'S/N AC001762/21', '1.cp_sharpy_w_007', 'Minsk', '', 1, 1),
	('001', '001-001-000-000', '001-001-018-000', '001-001-018-008', '43501E01BBDF', 'Clay Paky', 'Sharpy Wash 330', 'S/N AC007357/24', '1.cp_sharpy_w_008', 'Minsk', '', 1, 1),
	('001', '001-001-000-000', '001-001-018-000', '001-001-018-010', '43501E01BBAD', 'Clay Paky', 'Sharpy Wash 330', 'S/N AC007358', '1.cp_sharpy_w_010', 'Minsk', '', 1, 1),
	('001', '001-001-000-000', '001-001-018-000', '001-001-018-011', '43501E01BAAD', 'Clay Paky', 'Sharpy Wash 330', 'S/N AC007254', '1.cp_sharpy_w_011', 'Minsk', '', 1, 1),
	('001', '001-001-000-000', '001-001-018-000', '001-001-018-012', '43501E050256', 'Clay Paky', 'Sharpy Wash 330', 'S/N AC002001', '1.cp_sharpy_w_012', 'Minsk', '', 1, 1),
	('001', '001-001-000-000', '001-001-018-000', '001-001-018-013', '43501E01BF3A', 'Clay Paky', 'Sharpy Wash 330', 'S/N AC007267', '1.cp_sharpy_w_013', 'Minsk', '', 1, 1),
	('001', '001-001-000-000', '001-001-018-000', '001-001-018-014', '43501E01BB90', 'Clay Paky', 'Sharpy Wash 330', 'S/N AC006964', '1.cp_sharpy_w_014', 'Minsk', '', 1, 1),
	('001', '001-001-000-000', '001-001-018-000', '001-001-018-015', '43501E01BC9A', 'Clay Paky', 'Sharpy Wash 330', 'S/N AC5007239', '1.cp_sharpy_w_015', 'Minsk', '', 1, 1),
	('001', '001-001-000-000', '001-001-018-000', '001-001-018-016', '43501E01BB73', 'Clay Paky', 'Sharpy Wash 330', 'S/N AC007237', '1.cp_sharpy_w_016', 'Minsk', '', 1, 1),
	('001', '001-001-000-000', '001-001-018-000', '001-001-018-017', '43501E01BAB2', 'Clay Paky', 'Sharpy Wash 330', 'S/N AC006966/20', '1.cp_sharpy_w_017', 'Minsk', '', 1, 1),
	('001', '001-001-000-000', '001-001-018-000', '001-001-018-018', '43501E01BB10', 'Clay Paky', 'Sharpy Wash 330', 'S/N AC006948', '1.cp_sharpy_w_018', 'Minsk', '', 1, 1),
	('001', '001-001-000-000', '001-001-018-000', '001-001-018-019', '43501E05024F', 'Clay Paky', 'Sharpy Wash 330', 'S/N AC001997', '1.cp_sharpy_w_019', 'Minsk', '', 1, 1),
	('001', '001-001-000-000', '001-001-018-000', '001-001-018-020', '43501E01B007', 'Clay Paky', 'Sharpy Wash 330', 'S/N AC001092', '1.cp_sharpy_w_020', 'Minsk', '', 1, 1),
	('001', '001-001-000-000', '001-001-018-000', '001-001-018-022', '43501E01BBA9', 'Clay Paky', 'Sharpy Wash 330', 'S/N AC007194', '1.cp_sharpy_w_022', 'Minsk', '', 1, 1),
	('001', '001-001-000-000', '001-001-018-000', '001-001-018-023', '43501E050279', 'Clay Paky', 'Sharpy Wash 330', 'S/N AC009002/3', '1.cp_sharpy_w_023', 'Minsk', '', 1, 1),
	('001', '001-001-000-000', '001-001-018-000', '001-001-018-024', '43501E01BC8B', 'Clay Paky', 'Sharpy Wash 330', 'S/N AC007315', '1.cp_sharpy_w_024', 'Minsk', '', 1, 1),
	('001', '001-001-000-000', '001-001-018-000', '001-001-018-025', '43501E050125', 'Clay Paky', 'Sharpy Wash 330', 'S/N AC001991', '1.cp_sharpy_w_025', 'Minsk', '', 1, 1),
	('001', '001-001-000-000', '001-001-018-000', '001-001-018-026', '43501E027561', 'Clay Paky', 'Sharpy Wash 330', 'S/N AC002000', '1.cp_sharpy_w_026', 'Minsk', '', 1, 1),
	('001', '001-001-000-000', '001-001-018-000', '001-001-018-027', '43501E050332', 'Clay Paky', 'Sharpy Wash 330', 'S/N AC001470', '1.cp_sharpy_w_027', 'Minsk', '', 1, 1),
	('001', '001-001-000-000', '001-001-018-000', '001-001-018-028', '43501E0501DC', 'Clay Paky', 'Sharpy Wash 330', 'S/N AC001127/5', '1.cp_sharpy_w_028', 'Minsk', '', 1, 1),
	('001', '001-001-000-000', '001-001-018-000', '001-001-018-029', '43501E01E291', 'Clay Paky', 'Sharpy Wash 330', 'S/N AC007239/21', '1.cp_sharpy_w_029', 'Minsk', '', 1, 1),
	('001', '001-001-000-000', '001-001-018-000', '001-001-018-030', '43501E0502B9', 'Clay Paky', 'Sharpy Wash 330', 'S/N AC007194/21', '1.cp_sharpy_w_030', 'Minsk', '', 1, 1),
	('001', '001-001-000-000', '001-001-018-000', '001-001-018-031', '43501E01BB7F', 'Clay Paky', 'Sharpy Wash 330', 'S/N AC007258', '1.cp_sharpy_w_031', 'Minsk', '', 1, 1),
	('001', '001-001-000-000', '001-001-018-000', '001-001-018-032', '43501E01B343', 'Clay Paky', 'Sharpy Wash 330', 'S/N AC015182/3', '1.cp_sharpy_w_032', 'Minsk', '', 1, 1),
	('001', '001-001-000-000', '001-001-018-000', '001-001-018-033', '43501E01BBC9', 'Clay Paky', 'Sharpy Wash 330', 'S/N AC007244/21', '1.cp_sharpy_w_033', 'Minsk', '', 1, 1),
	('001', '001-001-000-000', '001-001-018-000', '001-001-018-034', '43501E01BEAA', 'Clay Paky', 'Sharpy Wash 330', 'S/N AC007317/21', '1.cp_sharpy_w_034', 'Minsk', '', 1, 1),
	('001', '001-001-000-000', '001-001-018-000', '001-001-018-035', '43501E0502DE', 'Clay Paky', 'Sharpy Wash 330', 'S/N AC001990', '1.cp_sharpy_w_035', 'Minsk', '', 1, 1),
	('001', '001-001-000-000', '001-001-018-000', '001-001-018-036', '43501E0502B8', 'Clay Paky', 'Sharpy Wash 330', 'S/N AC001743', '1.cp_sharpy_w_036', 'Minsk', '', 1, 1),
	('001', '001-001-000-000', '001-001-018-000', '001-001-018-037', '43501E01BB71', 'Clay Paky', 'Sharpy Wash 330', 'S/N AC006953', '1.cp_sharpy_w_037', 'Minsk', '', 1, 1),
	('001', '001-001-000-000', '001-001-018-000', '001-001-018-038', '43501E01BB97', 'Clay Paky', 'Sharpy Wash 330', 'S/N AC006962', '1.cp_sharpy_w_038', 'Minsk', '', 1, 1),
	('001', '001-001-000-000', '001-001-018-000', '001-001-018-039', '43501E05029B', 'Clay Paky', 'Sharpy Wash 330', 'S/N AC002005/21', '1.cp_sharpy_w_039', 'Minsk', '', 1, 1),
	('001', '001-001-000-000', '001-001-018-000', '001-001-018-040', '43501E01AC42', 'Clay Paky', 'Sharpy Wash 330', 'S/N AC006967/20', '1.cp_sharpy_w_040', 'Minsk', '', 1, 1),
	('001', '001-001-000-000', '001-001-018-000', '001-001-018-041', '43501E01BCB7', 'Clay Paky', 'Sharpy Wash 330', 'S/N AC007242/21', '1.cp_sharpy_w_041', 'Minsk', '', 1, 1),
	('001', '001-001-000-000', '001-001-018-000', '001-001-018-042', '43501E050127', 'Clay Paky', 'Sharpy Wash 330', 'S/N AC001996', '1.cp_sharpy_w_042', 'Minsk', '', 1, 1),
	('001', '001-001-000-000', '001-001-018-000', '001-001-018-043', '43501E01BC42', 'Clay Paky', 'Sharpy Wash 330', 'S/N AC007251', '1.cp_sharpy_w_043', 'Minsk', '', 1, 1),
	('001', '001-001-000-000', '001-001-018-000', '001-001-018-044', '43501E01BF02', 'Clay Paky', 'Sharpy Wash 330', 'S/N AC007260', '1.cp_sharpy_w_044', 'Minsk', '', 1, 1),
	('001', '001-001-000-000', '001-001-018-000', '001-001-018-045', '43501E0502D7', 'Clay Paky', 'Sharpy Wash 330', 'S/N AC001995', '1.cp_sharpy_w_045', 'Minsk', '', 1, 1),
	('001', '001-001-000-000', '001-001-018-000', '001-001-018-046', '43501E01A9CC', 'Clay Paky', 'Sharpy Wash 330', 'S/N AC000880/20', '1.cp_sharpy_w_046', 'Minsk', '', 1, 1),
	('001', '001-001-000-000', '001-001-018-000', '001-001-018-047', '43501E01B77E', 'Clay Paky', 'Sharpy Wash 330', 'S/N AC007602', '1.cp_sharpy_w_047', 'Minsk', '', 1, 1),
	('001', '001-001-000-000', '001-001-018-000', '001-001-018-048', '43501E01BBCF', 'Clay Paky', 'Sharpy Wash 330', 'S/N AC007208/21', '1.cp_sharpy_w_048', 'Minsk', '', 1, 1),
	('001', '001-001-000-000', '001-001-019-000', '001-001-019-001', '435014015F3E', 'Clay Paky', 'Shotlight 1500', 'S/N AB005287/13', '1.cp_sh_w1500_001', 'Minsk', '', 1, 1),
	('001', '001-001-000-000', '001-001-019-000', '001-001-019-002', '43501401229B', 'Clay Paky', 'Shotlight 1500', 'S/N AA004008', '1.cp_sh_w1500_002', 'Minsk', '', 1, 1),
	('001', '001-001-000-000', '001-001-019-000', '001-001-019-003', '435014015E26', 'Clay Paky', 'Shotlight 1500', 'S/N AB005285/13', '1.cp_sh_w1500_003', 'Minsk', '', 1, 1),
	('001', '001-001-000-000', '001-001-019-000', '001-001-019-004', '435014012457', 'Clay Paky', 'Shotlight 1500', 'S/N AA004639', '1.cp_sh_w1500_004', 'Minsk', '', 1, 1),
	('001', '001-001-000-000', '001-001-019-000', '001-001-019-005', '435014012459', 'Clay Paky', 'Shotlight 1500', 'S/N AA004222', '1.cp_sh_w1500_005', 'Minsk', '', 1, 1),
	('001', '001-001-000-000', '001-001-019-000', '001-001-019-006', '435014015E7F', 'Clay Paky', 'Shotlight 1500', 'S/N AB005123/13', '1.cp_sh_w1500_006', 'Minsk', '', 1, 1),
	('001', '001-001-000-000', '001-001-019-000', '001-001-019-007', '435014015E2F', 'Clay Paky', 'Shotlight 1500', 'S/N AB005175/13', '1.cp_sh_w1500_007', 'Minsk', '', 1, 1),
	('001', '001-001-000-000', '001-001-019-000', '001-001-019-008', '435014012451', 'Clay Paky', 'Shotlight 1500', 'S/N AB005297/13', '1.cp_sh_w1500_008', 'Minsk', '', 1, 1),
	('001', '001-001-000-000', '001-001-019-000', '001-001-019-009', '435014015E2B', 'Clay Paky', 'Shotlight 1500', 'S/N AB005126/13', '1.cp_sh_w1500_009', 'Minsk', '', 1, 1),
	('001', '001-001-000-000', '001-001-019-000', '001-001-019-010', '435014015F38', 'Clay Paky', 'Shotlight 1500', 'S/N AB005174/13', '1.cp_sh_w1500_010', 'Minsk', '', 1, 1),
	('001', '001-001-000-000', '001-001-019-000', '001-001-019-011', '435014010BA0', 'Clay Paky', 'Shotlight 1500', 'S/N AA004020', '1.cp_sh_w1500_011', 'Minsk', '', 1, 1),
	('001', '001-001-000-000', '001-001-019-000', '001-001-019-012', '435014015E0F', 'Clay Paky', 'Shotlight 1500', 'S/N AA004105', '1.cp_sh_w1500_012', 'Minsk', '', 1, 1),
	('001', '001-001-000-000', '001-001-019-000', '001-001-019-013', '435014011C00', 'Clay Paky', 'Shotlight 1500', 'S/N AA004633', '1.cp_sh_w1500_013', 'Minsk', '', 1, 1),
	('001', '001-001-000-000', '001-001-019-000', '001-001-019-014', '435014015F6C', 'Clay Paky', 'Shotlight 1500', 'S/N AB005128/13', '1.cp_sh_w1500_014', 'Minsk', '', 1, 1),
	('001', '001-001-000-000', '001-001-019-000', '001-001-019-015', '435014015E73', 'Clay Paky', 'Shotlight 1500', 'S/N AB005176/13', '1.cp_sh_w1500_015', 'Minsk', '', 1, 1),
	('001', '001-001-000-000', '001-001-019-000', '001-001-019-016', '43501401D724', 'Clay Paky', 'Shotlight 1500', 'S/N AA0144', '1.cp_sh_w1500_016', 'Minsk', '', 1, 1),
	('001', '001-001-000-000', '001-001-019-000', '001-001-019-017', '435014011BB1', 'Clay Paky', 'Shotlight 1500', 'S/N AA004109', '1.cp_sh_w1500_017', 'Minsk', '', 1, 1),
	('001', '001-001-000-000', '001-001-019-000', '001-001-019-018', '435014012460', 'Clay Paky', 'Shotlight 1500', 'S/N AA004011', '1.cp_sh_w1500_018', 'Minsk', '', 1, 1),
	('001', '001-001-000-000', '001-001-019-000', '001-001-019-019', '435014011B13', 'Clay Paky', 'Shotlight 1500', 'S/N AA004110', '1.cp_sh_w1500_019', 'Minsk', '', 1, 1),
	('001', '001-001-000-000', '001-001-019-000', '001-001-019-020', '43501401614D', 'Clay Paky', 'Shotlight 1500', 'S/N AB005129/13', '1.cp_sh_w1500_020', 'Minsk', '', 1, 1),
	('001', '001-001-000-000', '001-001-019-000', '001-001-019-021', '435014011AF8', 'Clay Paky', 'Shotlight 1500', 'S/N AA004637', '1.cp_sh_w1500_021', 'Minsk', '', 1, 1),
	('001', '001-001-000-000', '001-001-019-000', '001-001-019-022', '435014015F3B', 'Clay Paky', 'Shotlight 1500', 'S/N AB005181/13', '1.cp_sh_w1500_022', 'Minsk', '', 1, 1),
	('001', '001-001-000-000', '001-001-019-000', '001-001-019-023', '43501401243D', 'Clay Paky', 'Shotlight 1500', 'S/N AA004101', '1.cp_sh_w1500_023', 'Minsk', '', 1, 1),
	('001', '001-001-000-000', '001-001-019-000', '001-001-019-024', '435014011AF2', 'Clay Paky', 'Shotlight 1500', 'S/N AA002647', '1.cp_sh_w1500_024', 'Minsk', '', 1, 1),
	('001', '001-001-000-000', '001-001-019-000', '001-001-019-025', '435014010C3F', 'Clay Paky', 'Shotlight 1500', 'S/N AB005162', '1.cp_sh_w1500_025', 'Minsk', '', 1, 1),
	('001', '001-001-000-000', '001-001-019-000', '001-001-019-026', '435014015F4F', 'Clay Paky', 'Shotlight 1500', 'S/N AB005288/13', '1.cp_sh_w1500_026', 'Minsk', '', 1, 1),
	('001', '001-001-000-000', '001-001-019-000', '001-001-019-027', '435014012454', 'Clay Paky', 'Shotlight 1500', 'S/N AA004634', '1.cp_sh_w1500_027', 'Minsk', '', 1, 1),
	('001', '001-001-000-000', '001-001-019-000', '001-001-019-028', '435014011BB4', 'Clay Paky', 'Shotlight 1500', 'S/N AA004013', '1.cp_sh_w1500_028', 'Minsk', '', 1, 1),
	('001', '001-001-000-000', '001-001-019-000', '001-001-019-029', '435014015E80', 'Clay Paky', 'Shotlight 1500', 'S/N AB005125/13', '1.cp_sh_w1500_029', 'Minsk', '', 1, 1),
	('001', '001-001-000-000', '001-001-019-000', '001-001-019-030', '435014028447', 'Clay Paky', 'Shotlight 1500', 'S/N AB005203/13', '1.cp_sh_w1500_030', 'Minsk', '', 1, 1),
	('001', '001-001-000-000', '001-001-019-000', '001-001-019-031', '435014011BDF', 'Clay Paky', 'Shotlight 1500', 'S/N AA004099', '1.cp_sh_w1500_031', 'Minsk', '', 1, 1),
	('001', '001-001-000-000', '001-001-019-000', '001-001-019-032', '435014015F34', 'Clay Paky', 'Shotlight 1500', 'S/N AB005286/13', '1.cp_sh_w1500_032', 'Minsk', '', 1, 1),
	('001', '001-003-000-000', '001-003-001-000', '001-002-001-002', '4350084000FC', 'Clay Paky', 'Stormy CC', 'S/N AD016350', '1.cp_stormyCC_002', 'Minsk', '', 1, 1),
	('001', '001-003-000-000', '001-003-001-000', '001-002-001-003', '4350084009BC', 'Clay Paky', 'Stormy CC', 'S/N AE015381/30', '1.cp_stormyCC_003', 'Minsk', '', 1, 1),
	('001', '001-003-000-000', '001-003-001-000', '001-002-001-004', '435008400996', 'Clay Paky', 'Stormy CC', 'S/N AE015458/30', '1.cp_stormyCC_004', 'Minsk', '', 1, 1),
	('001', '001-003-000-000', '001-003-001-000', '001-002-001-005', '435008400117', 'Clay Paky', 'Stormy CC', 'S/N AD016237', '1.cp_stormyCC_005', 'Minsk', '', 1, 1),
	('001', '001-003-000-000', '001-003-001-000', '001-002-001-006', '4350084009B9', 'Clay Paky', 'Stormy CC', 'S/N AE015478/30', '1.cp_stormyCC_006', 'Minsk', '', 1, 1),
	('001', '001-003-000-000', '001-003-001-000', '001-002-001-007', '4350084000AF', 'Clay Paky', 'Stormy CC', 'S/N AD011764', '1.cp_stormyCC_007', 'Minsk', '', 1, 1),
	('001', '001-003-000-000', '001-003-001-000', '001-002-001-008', '435008400135', 'Clay Paky', 'Stormy CC', 'S/N AE001624', '1.cp_stormyCC_008', 'Minsk', '', 1, 1),
	('001', '001-003-000-000', '001-003-001-000', '001-002-001-009', '4350084001FB', 'Clay Paky', 'Stormy CC', 'S/N AD016238', '1.cp_stormyCC_009', 'Minsk', '', 1, 1),
	('001', '001-003-000-000', '001-003-001-000', '001-002-001-010', '4350084000DC', 'Clay Paky', 'Stormy CC', 'S/N AD016242', '1.cp_stormyCC_010', 'Minsk', '', 1, 1),
	('001', '001-003-000-000', '001-003-001-000', '001-002-001-011', '435008400A94', 'Clay Paky', 'Stormy CC', 'S/N AE015523/30', '1.cp_stormyCC_011', 'Minsk', '', 1, 1),
	('001', '001-003-000-000', '001-003-001-000', '001-002-001-012', '435008400078', 'Clay Paky', 'Stormy CC', 'S/N AD011760', '1.cp_stormyCC_012', 'Minsk', '', 1, 1),
	('001', '001-003-000-000', '001-003-001-000', '001-002-001-013', '4350084009DC', 'Clay Paky', 'Stormy CC', 'S/N AE015470/30', '1.cp_stormyCC_013', 'Minsk', '', 1, 1),
	('001', '001-003-000-000', '001-003-001-000', '001-002-001-014', '435008400A0C', 'Clay Paky', 'Stormy CC', 'S/N AE015469/30', '1.cp_stormyCC_014', 'Minsk', '', 1, 1),
	('001', '001-003-000-000', '001-003-001-000', '001-002-001-015', '435008400209', 'Clay Paky', 'Stormy CC', 'S/N AD016234', '1.cp_stormyCC_015', 'Minsk', '', 1, 1),
	('001', '001-003-000-000', '001-003-001-000', '001-002-001-016', '43500840019A', 'Clay Paky', 'Stormy CC', 'S/N AD011497', '1.cp_stormyCC_016', 'Minsk', '', 1, 1),
	('001', '001-003-000-000', '001-003-001-000', '001-002-001-017', '4350084010F0', 'Clay Paky', 'Stormy CC', 'S/N AD016356', '1.cp_stormyCC_017', 'Minsk', '', 1, 1),
	('001', '001-003-000-000', '001-003-001-000', '001-002-001-018', '435008400291', 'Clay Paky', 'Stormy CC', 'S/N AD016243', '1.cp_stormyCC_018', 'Minsk', '', 1, 1),
	('001', '001-003-000-000', '001-003-001-000', '001-002-001-019', '43500840028F', 'Clay Paky', 'Stormy CC', 'S/N AD016233', '1.cp_stormyCC_019', 'Minsk', '', 1, 1),
	('001', '001-003-000-000', '001-003-001-000', '001-002-001-020', '435008400A2E', 'Clay Paky', 'Stormy CC', 'S/N AE015459/30', '1.cp_stormyCC_020', 'Minsk', '', 1, 1),
	('001', '001-003-000-000', '001-003-001-000', '001-002-001-021', '435008400109', 'Clay Paky', 'Stormy CC', 'S/N AD016357', '1.cp_stormyCC_021', 'Minsk', '', 1, 1),
	('001', '001-003-000-000', '001-003-001-000', '001-002-001-022', '435008400A0F', 'Clay Paky', 'Stormy CC', 'S/N AE015467/30', '1.cp_stormyCC_022', 'Minsk', '', 1, 1),
	('001', '001-003-000-000', '001-003-001-000', '001-002-001-023', '4350084009CA', 'Clay Paky', 'Stormy CC', 'S/N AE015367/30', '1.cp_stormyCC_023', 'Minsk', '', 1, 1),
	('001', '001-003-000-000', '001-003-001-000', '001-002-001-024', '435008400416', 'Clay Paky', 'Stormy CC', 'S/N AD016235', '1.cp_stormyCC_024', 'Minsk', '', 1, 1),
	('001', '001-003-000-000', '001-003-001-000', '001-002-001-025', '435008400213', 'Clay Paky', 'Stormy CC', 'S/N AD016258', '1.cp_stormyCC_025', 'Minsk', '', 1, 1),
	('001', '001-003-000-000', '001-003-001-000', '001-002-001-026', '43500840022A', 'Clay Paky', 'Stormy CC', 'S/N AD016254', '1.cp_stormyCC_026', 'Minsk', '', 1, 1),
	('001', '001-003-000-000', '001-003-001-000', '001-002-001-027', '435008400A2F', 'Clay Paky', 'Stormy CC', 'S/N AE015468/30', '1.cp_stormyCC_027', 'Minsk', '', 1, 1),
	('001', '001-003-000-000', '001-003-001-000', '001-002-001-028', '43500840022E', 'Clay Paky', 'Stormy CC', 'S/N AD016256', '1.cp_stormyCC_028', 'Minsk', '', 1, 1),
	('001', '001-003-000-000', '001-003-001-000', '001-002-001-029', '4350084002A8', 'Clay Paky', 'Stormy CC', 'S/N AD016236', '1.cp_stormyCC_029', 'Minsk', '', 1, 1),
	('001', '001-003-000-000', '001-003-001-000', '001-002-001-030', '43500840018B', 'Clay Paky', 'Stormy CC', 'S/N AD011748', '1.cp_stormyCC_030', 'Minsk', '', 1, 1),
	('001', '001-003-000-000', '001-003-001-000', '001-002-001-031', '435008400A1F', 'Clay Paky', 'Stormy CC', 'S/N AE015479/30', '1.cp_stormyCC_031', 'Minsk', '', 1, 1),
	('001', '001-003-000-000', '001-003-001-000', '001-002-001-032', '435008400262', 'Clay Paky', 'Stormy CC', 'S/N AD016247', '1.cp_stormyCC_032', 'Minsk', '', 1, 1),
	('001', '001-003-000-000', '001-003-001-000', '001-002-001-033', '4350084000AD', 'Clay Paky', 'Stormy CC', 'S/N AD011495', '1.cp_stormyCC_033', 'Minsk', '', 1, 1),
	('001', '001-003-000-000', '001-003-001-000', '001-002-001-034', '4350084000B9', 'Clay Paky', 'Stormy CC', 'S/N AD012208', '1.cp_stormyCC_034', 'Minsk', '', 1, 1),
	('001', '001-003-000-000', '001-003-001-000', '001-002-001-035', '4350084009A5', 'Clay Paky', 'Stormy CC', 'S/N AE015373/30', '1.cp_stormyCC_035', 'Minsk', '', 1, 1),
	('001', '001-003-000-000', '001-003-001-000', '001-002-001-036', '4350084009D1', 'Clay Paky', 'Stormy CC', 'S/N AE015477/30', '1.cp_stormyCC_036', 'Minsk', '', 1, 1),
	('001', '001-003-000-000', '001-003-001-000', '001-002-001-037', '4350084009C3', 'Clay Paky', 'Stormy CC', 'S/N AE015374/30', '1.cp_stormyCC_037', 'Minsk', '', 1, 1),
	('001', '001-003-000-000', '001-003-001-000', '001-002-001-038', '435008400E9D', 'Clay Paky', 'Stormy CC', 'S/N AE015471/30', '1.cp_stormyCC_038', 'Minsk', '', 1, 1),
	('001', '001-003-000-000', '001-003-001-000', '001-002-001-039', '43500840021F', 'Clay Paky', 'Stormy CC', 'S/N AD016257', '1.cp_stormyCC_039', 'Minsk', '', 1, 1),
	('001', '001-003-000-000', '001-003-001-000', '001-002-001-040', '4350084009FF', 'Clay Paky', 'Stormy CC', 'S/N AE015472/30', '1.cp_stormyCC_040', 'Minsk', '', 1, 1),
	('001', '001-003-000-000', '001-003-001-000', '001-002-001-041', '435008400A10', 'Clay Paky', 'Stormy CC', 'S/N AE015379/30', '1.cp_stormyCC_041', 'Minsk', '', 1, 1),
	('001', '001-003-000-000', '001-003-001-000', '001-002-001-042', '4350084000D1', 'Clay Paky', 'Stormy CC', 'S/N ?????88', '1.cp_stormyCC_042', 'Minsk', '', 1, 1),
	('001', '001-004-000-000', '001-004-001-000', '001-002-002-001', '435018B00039', 'Clay Paky', 'Tambora Batten Round', 'S/N BZ102704', '1.cp_tam_001', 'Minsk', '', 1, 1),
	('001', '001-004-000-000', '001-004-001-000', '001-002-002-002', '435018B0003E', 'Clay Paky', 'Tambora Batten Round', 'S/N BZ102702', '1.cp_tam_002', 'Minsk', '', 1, 1),
	('001', '001-004-000-000', '001-004-001-000', '001-002-002-003', '435018B0003A', 'Clay Paky', 'Tambora Batten Round', 'S/N BZ102703', '1.cp_tam_003', 'Minsk', '', 1, 1),
	('001', '001-004-000-000', '001-004-001-000', '001-002-002-004', '435018B00038', 'Clay Paky', 'Tambora Batten Round', 'S/N BZ102705', '1.cp_tam_004', 'Minsk', '', 1, 1),
	('001', '001-004-000-000', '001-004-001-000', '001-002-002-005', '435018B0001C', 'Clay Paky', 'Tambora Batten Round', 'S/N BZ102734', '1.cp_tam_005', 'Minsk', '', 1, 1),
	('001', '001-004-000-000', '001-004-001-000', '001-002-002-006', '435018B00042', 'Clay Paky', 'Tambora Batten Round', 'S/N BZ102730', '1.cp_tam_006', 'Minsk', '', 1, 1),
	('001', '001-004-000-000', '001-004-001-000', '001-002-002-007', '435018B0002A', 'Clay Paky', 'Tambora Batten Round', 'S/N BZ102788', '1.cp_tam_007', 'Minsk', '', 1, 1),
	('001', '001-004-000-000', '001-004-001-000', '001-002-002-008', '435018B00030', 'Clay Paky', 'Tambora Batten Round', 'S/N BZ102779', '1.cp_tam_008', 'Minsk', '', 1, 1),
	('001', '001-004-000-000', '001-004-001-000', '001-002-002-009', '435018B0004A', 'Clay Paky', 'Tambora Batten Round', 'S/N BZ102789', '1.cp_tam_009', 'Minsk', '', 1, 1),
	('001', '001-004-000-000', '001-004-001-000', '001-002-002-010', '435018B0005C', 'Clay Paky', 'Tambora Batten Round', 'S/N BZ102782', '1.cp_tam_010', 'Minsk', '', 1, 1),
	('001', '001-004-000-000', '001-004-001-000', '001-002-002-011', '435018B00063', 'Clay Paky', 'Tambora Batten Round', 'S/N BZ102775', '1.cp_tam_011', 'Minsk', '', 1, 1),
	('001', '001-004-000-000', '001-004-001-000', '001-002-002-012', '435018B0002C', 'Clay Paky', 'Tambora Batten Round', 'S/N BZ102785', '1.cp_tam_012', 'Minsk', '', 1, 1),
	('001', '001-004-000-000', '001-004-001-000', '001-002-002-013', '435018B00045', 'Clay Paky', 'Tambora Batten Round', 'S/N BZ102721', '1.cp_tam_013', 'Minsk', '', 1, 1),
	('001', '001-004-000-000', '001-004-001-000', '001-002-002-015', '435018B00052', 'Clay Paky', 'Tambora Batten Round', 'S/N BZ102783', '1.cp_tam_015', 'Minsk', '', 1, 1),
	('001', '001-004-000-000', '001-004-001-000', '001-002-002-016', '435018B00014', 'Clay Paky', 'Tambora Batten Round', 'S/N BZ102786', '1.cp_tam_016', 'Minsk', '', 1, 1),
	('001', '001-004-000-000', '001-004-001-000', '001-002-002-017', '435018B00068', 'Clay Paky', 'Tambora Batten Round', 'S/N BZ102725', '1.cp_tam_017', 'Minsk', '', 1, 1),
	('001', '001-004-000-000', '001-004-001-000', '001-002-002-018', '435018B0006A', 'Clay Paky', 'Tambora Batten Round', 'S/N BZ102724', '1.cp_tam_018', 'Minsk', '', 1, 1),
	('001', '001-004-000-000', '001-004-001-000', '001-002-002-019', '435018B0002B', 'Clay Paky', 'Tambora Batten Round', 'S/N BZ102787', '1.cp_tam_019', 'Minsk', '', 1, 1),
	('001', '001-004-000-000', '001-004-001-000', '001-002-002-020', '435018B00055', 'Clay Paky', 'Tambora Batten Round', 'S/N BZ102790', '1.cp_tam_020', 'Minsk', '', 1, 1),
	('001', '001-004-000-000', '001-004-001-000', '001-002-002-021', '435018B00040', 'Clay Paky', 'Tambora Batten Round', 'S/N BZ102728', '1.cp_tam_021', 'Minsk', '', 1, 1),
	('001', '001-004-000-000', '001-004-001-000', '001-002-002-022', '435018B00047', 'Clay Paky', 'Tambora Batten Round', 'S/N BZ102719', '1.cp_tam_022', 'Minsk', '', 1, 1),
	('001', '001-004-000-000', '001-004-001-000', '001-002-002-023', '435018B0001A', 'Clay Paky', 'Tambora Batten Round', 'S/N BZ102736', '1.cp_tam_023', 'Minsk', '', 1, 1),
	('001', '001-004-000-000', '001-004-001-000', '001-002-002-024', '435018B0006B', 'Clay Paky', 'Tambora Batten Round', 'S/N BZ102722', '1.cp_tam_024', 'Minsk', '', 1, 1),
	('001', '001-004-000-000', '001-004-001-000', '001-002-002-025', '435018B0002D', 'Clay Paky', 'Tambora Batten Round', 'S/N BZ102755', '1.cp_tam_025', 'Minsk', '', 1, 1),
	('001', '001-004-000-000', '001-004-001-000', '001-002-002-027', '435018B00012', 'Clay Paky', 'Tambora Batten Round', 'S/N BZ102715', '1.cp_tam_027', 'Minsk', '', 1, 1),
	('001', '001-004-000-000', '001-004-001-000', '001-002-002-028', '435018B0003C', 'Clay Paky', 'Tambora Batten Round', 'S/N BZ102707', '1.cp_tam_028', 'Minsk', '', 1, 1),
	('001', '001-004-000-000', '001-004-001-000', '001-002-002-029', '435018B0005D', 'Clay Paky', 'Tambora Batten Round', 'S/N BZ102765', '1.cp_tam_029', 'Minsk', '', 1, 1),
	('001', '001-004-000-000', '001-004-001-000', '001-002-002-030', '435018B0004D', 'Clay Paky', 'Tambora Batten Round', 'S/N BZ102761', '1.cp_tam_030', 'Minsk', '', 1, 1),
	('001', '001-004-000-000', '001-004-001-000', '001-002-002-032', '435018B00025', 'Clay Paky', 'Tambora Batten Round', 'S/N BZ102792', '1.cp_tam_032', 'Minsk', '', 1, 1),
	('001', '001-004-000-000', '001-004-001-000', '001-002-002-033', '435018B0000D', 'Clay Paky', 'Tambora Batten Round', 'S/N BZ102770', '1.cp_tam_033', 'Minsk', '', 1, 1),
	('001', '001-004-000-000', '001-004-001-000', '001-002-002-034', '435018B00036', 'Clay Paky', 'Tambora Batten Round', 'S/N BZ102767', '1.cp_tam_034', 'Minsk', '', 1, 1),
	('001', '001-004-000-000', '001-004-001-000', '001-002-002-035', '435018B00016', 'Clay Paky', 'Tambora Batten Round', 'S/N BZ102769', '1.cp_tam_035', 'Minsk', '', 1, 1),
	('001', '001-004-000-000', '001-004-001-000', '001-002-002-036', '435018B0004B', 'Clay Paky', 'Tambora Batten Round', 'S/N BZ102762', '1.cp_tam_036', 'Minsk', '', 1, 1),
	('001', '001-004-000-000', '001-004-001-000', '001-002-002-037', '435018B00059', 'Clay Paky', 'Tambora Batten Round', 'S/N BZ102768', '1.cp_tam_037', 'Minsk', '', 1, 1),
	('001', '001-004-000-000', '001-004-001-000', '001-002-002-038', '435018B00019', 'Clay Paky', 'Tambora Batten Round', 'S/N BZ102771', '1.cp_tam_038', 'Minsk', '', 1, 1),
	('001', '001-004-000-000', '001-004-001-000', '001-002-002-039', '435018B0004E', 'Clay Paky', 'Tambora Batten Round', 'S/N BZ102759', '1.cp_tam_039', 'Minsk', '', 1, 1),
	('001', '001-004-000-000', '001-004-001-000', '001-002-002-040', '435018B00033', 'Clay Paky', 'Tambora Batten Round', 'S/N BZ102763', '1.cp_tam_040', 'Minsk', '', 1, 1),
	('001', '001-004-000-000', '001-004-001-000', '001-002-002-041', '435018B00015', 'Clay Paky', 'Tambora Batten Round', 'S/N BZ102701', '1.cp_tam_041', 'Minsk', '', 1, 1),
	('001', '001-004-000-000', '001-004-001-000', '001-002-002-042', '435018B00044', 'Clay Paky', 'Tambora Batten Round', 'S/N BZ102766', '1.cp_tam_042', 'Minsk', '', 1, 1),
	('001', '001-004-000-000', '001-004-001-000', '001-002-002-043', '435018B00066', 'Clay Paky', 'Tambora Batten Round', 'S/N BZ102758', '1.cp_tam_043', 'Minsk', '', 1, 1),
	('001', '001-004-000-000', '001-004-001-000', '001-002-002-044', '435018B0006E', 'Clay Paky', 'Tambora Batten Round', 'S/N BZ102781', '1.cp_tam_044', 'Minsk', '', 1, 1),
	('001', '001-004-000-000', '001-004-001-000', '001-002-002-045', '435018B00034', 'Clay Paky', 'Tambora Batten Round', 'S/N BZ102701', '1.cp_tam_045', 'Minsk', '', 1, 1),
	('001', '001-004-000-000', '001-004-001-000', '001-002-002-046', '435018B00022', 'Clay Paky', 'Tambora Batten Round', 'S/N BZ102735', '1.cp_tam_046', 'Minsk', '', 1, 1),
	('001', '001-004-000-000', '001-004-001-000', '001-002-002-047', '435018B00065', 'Clay Paky', 'Tambora Batten Round', 'S/N BZ102798', '1.cp_tam_047', 'Minsk', '', 1, 1),
	('001', '001-004-000-000', '001-004-001-000', '001-002-002-048', '435018B00020', 'Clay Paky', 'Tambora Batten Round', 'S/N BZ102745', '1.cp_tam_048', 'Minsk', '', 1, 1),
	('001', '001-004-000-000', '001-004-001-000', '001-002-002-049', '435018B0002E', 'Clay Paky', 'Tambora Batten Round', 'S/N BZ102752', '1.cp_tam_049', 'Minsk', '', 1, 1),
	('001', '001-004-000-000', '001-004-001-000', '001-002-002-050', '435018B0001F', 'Clay Paky', 'Tambora Batten Round', 'S/N BZ102747', '1.cp_tam_050', 'Minsk', '', 1, 1),
	('001', '001-004-000-000', '001-004-001-000', '001-002-002-051', '435018B00024', 'Clay Paky', 'Tambora Batten Round', 'S/N BZ102753', '1.cp_tam_051', 'Minsk', '', 1, 1),
	('001', '001-004-000-000', '001-004-001-000', '001-002-002-052', '435018B00048', 'Clay Paky', 'Tambora Batten Round', 'S/N BZ102742', '1.cp_tam_052', 'Minsk', '', 1, 1),
	('001', '001-004-000-000', '001-004-001-000', '001-002-002-053', '435018B00017', 'Clay Paky', 'Tambora Batten Round', 'S/N BZ102750', '1.cp_tam_053', 'Minsk', '', 1, 1),
	('001', '001-004-000-000', '001-004-001-000', '001-002-002-054', '435018BFFFFF', 'Clay Paky', 'Tambora Batten Round', 'S/N BZ102741', '1.cp_tam_054', 'Minsk', '', 1, 1),
	('001', '001-004-000-000', '001-004-001-000', '001-002-002-055', '435018B00026', 'Clay Paky', 'Tambora Batten Round', 'S/N BZ102754', '1.cp_tam_055', 'Minsk', '', 1, 1),
	('001', '001-004-000-000', '001-004-001-000', '001-002-002-056', '435018B00027', 'Clay Paky', 'Tambora Batten Round', 'S/N BZ102746', '1.cp_tam_056', 'Minsk', '', 1, 1),
	('001', '001-004-000-000', '001-004-001-000', '001-002-002-057', '435018B00035', 'Clay Paky', 'Tambora Batten Round', 'S/N BZ102740', '1.cp_tam_057', 'Minsk', '', 1, 1),
	('001', '001-004-000-000', '001-004-001-000', '001-002-002-058', '435018B0005F', 'Clay Paky', 'Tambora Batten Round', 'S/N BZ102737', '1.cp_tam_058', 'Minsk', '', 1, 1),
	('001', '001-004-000-000', '001-004-001-000', '001-002-002-059', '435018B00018', 'Clay Paky', 'Tambora Batten Round', 'S/N BZ102749', '1.cp_tam_059', 'Minsk', '', 1, 1),
	('001', '001-004-000-000', '001-004-001-000', '001-002-002-060', '435018B0006D', 'Clay Paky', 'Tambora Batten Round', 'S/N BZ102757', '1.cp_tam_060', 'Minsk', '', 1, 1),
	('001', '001-004-000-000', '001-004-001-000', '001-002-002-061', '435018B00056', 'Clay Paky', 'Tambora Batten Round', 'S/N BZ102760', '1.cp_tam_061', 'Minsk', '', 1, 1),
	('001', '001-004-000-000', '001-004-001-000', '001-002-002-062', '435018B00049', 'Clay Paky', 'Tambora Batten Round', 'S/N BZ102743', '1.cp_tam_062', 'Minsk', '', 1, 1),
	('001', '001-004-000-000', '001-004-001-000', '001-002-002-063', '435018B00028', 'Clay Paky', 'Tambora Batten Round', 'S/N BZ102751', '1.cp_tam_063', 'Minsk', '', 1, 1),
	('001', '001-004-000-000', '001-004-001-000', '001-002-002-064', '435018B0006F', 'Clay Paky', 'Tambora Batten Round', 'S/N BZ102756', '1.cp_tam_064', 'Minsk', '', 1, 1),
	('001', '001-004-000-000', '001-004-001-000', '001-002-002-077', '435018B00168', 'Clay Paky', 'Tambora Batten Round', 'S/N BA102351', '1.cp_tam_077', 'Minsk', '', 1, 1),
	('001', '001-004-000-000', '001-004-001-000', '001-002-002-079', '435018B00162', 'Clay Paky', 'Tambora Batten Round', 'S/N BA102350', '1.cp_tam_079', 'Minsk', '', 1, 1),
	('001', '001-004-000-000', '001-004-001-000', '001-002-002-080', '435018B00155', 'Clay Paky', 'Tambora Batten Round', 'S/N BA101885', '1.cp_tam_080', 'Minsk', '', 1, 1),
	('001', '001-004-000-000', '001-004-001-000', '001-002-002-081', '435018B0045C', 'Clay Paky', 'Tambora Batten Round', 'S/N BA105213', '1.cp_tam_081', 'Minsk', '', 1, 1),
	('001', '001-004-000-000', '001-004-001-000', '001-002-002-082', '435018B000B7', 'Clay Paky', 'Tambora Batten Round', 'S/N BA105386', '1.cp_tam_082', 'Minsk', '', 1, 1),
	('001', '001-004-000-000', '001-004-001-000', '001-002-002-085', '435018B000B9', 'Clay Paky', 'Tambora Batten Round', 'S/N BA105244', '1.cp_tam_085', 'Minsk', '', 1, 1),
	('001', '001-004-000-000', '001-004-001-000', '001-002-002-087', '435018B000B6', 'Clay Paky', 'Tambora Batten Round', 'S/N BA105388', '1.cp_tam_087', 'Minsk', '', 1, 1),
	('001', '001-004-000-000', '001-004-001-000', '001-002-002-088', '435018B000BB', 'Clay Paky', 'Tambora Batten Round', 'S/N BA105245', '1.cp_tam_088', 'Minsk', '', 1, 1),
	('001', '001-004-000-000', '001-004-001-000', '001-002-002-089', '435018B00086', 'Clay Paky', 'Tambora Batten Round', 'S/N BA105378', '1.cp_tam_089', 'Minsk', '', 1, 1),
	('001', '001-004-000-000', '001-004-001-000', '001-002-002-090', '435018B000B8', 'Clay Paky', 'Tambora Batten Round', 'S/N BA105387', '1.cp_tam_090', 'Minsk', '', 1, 1),
	('001', '001-004-000-000', '001-004-001-000', '001-002-002-091', '435018B00442', 'Clay Paky', 'Tambora Batten Round', 'S/N BA105218', '1.cp_tam_091', 'Minsk', '', 1, 1),
	('001', '001-004-000-000', '001-004-001-000', '001-002-002-092', '435018B00094', 'Clay Paky', 'Tambora Batten Round', 'S/N BA105377', '1.cp_tam_092', 'Minsk', '', 1, 1),
	('001', '001-004-000-000', '001-004-001-000', '001-002-002-093', '435018B00446', 'Clay Paky', 'Tambora Batten Round', 'S/N BA105219', '1.cp_tam_093', 'Minsk', '', 1, 1),
	('001', '001-004-000-000', '001-004-001-000', '001-002-002-095', '435018B00463', 'Clay Paky', 'Tambora Batten Round', 'S/N BA105216', '1.cp_tam_095', 'Minsk', '', 1, 1),
	('001', '001-004-000-000', '001-004-001-000', '001-002-002-096', '435018B0047B', 'Clay Paky', 'Tambora Batten Round', 'S/N BA105217', '1.cp_tam_096', 'Minsk', '', 1, 1),
	('001', '001-004-000-000', '001-004-001-000', '001-002-002-097', '435018B0008B', 'Clay Paky', 'Tambora Batten Round', 'S/N BA105376', '1.cp_tam_097', 'Minsk', '', 1, 1),
	('001', '001-004-000-000', '001-004-001-000', '001-002-002-098', '435018B0008A', 'Clay Paky', 'Tambora Batten Round', 'S/N BA105375', '1.cp_tam_098', 'Minsk', '', 1, 1),
	('001', '001-004-000-000', '001-004-001-000', '001-002-002-101', '435018B00064', 'Clay Paky', 'Tambora Batten Round', 'S/N BZ102774', '1.cp_tam_101', 'Minsk', '', 1, 1),
	('001', '001-004-000-000', '001-004-001-000', '001-002-002-102', '435018B00037', 'Clay Paky', 'Tambora Batten Round', 'S/N BZ102706', '1.cp_tam_102', 'Minsk', '', 1, 1),
	('001', '001-004-000-000', '001-004-001-000', '001-002-002-103', '435018B00054', 'Clay Paky', 'Tambora Batten Round', 'S/N BZ102796', '1.cp_tam_103', 'Minsk', '', 1, 1),
	('001', '001-004-000-000', '001-004-001-000', '001-002-002-104', '435018B00051', 'Clay Paky', 'Tambora Batten Round', 'S/N BZ102773', '1.cp_tam_104', 'Minsk', '', 1, 1),
	('001', '001-004-000-000', '001-004-001-000', '001-002-002-105', '435018B0002F', 'Clay Paky', 'Tambora Batten Round', 'S/N BZ102744', '1.cp_tam_105', 'Minsk', '', 1, 1),
	('001', '001-004-000-000', '001-004-001-000', '001-002-002-106', '435018B0001D', 'Clay Paky', 'Tambora Batten Round', 'S/N BZ102733', '1.cp_tam_106', 'Minsk', '', 1, 1),
	('001', '001-004-000-000', '001-004-001-000', '001-002-002-107', '435018B0000E', 'Clay Paky', 'Tambora Batten Round', 'S/N BZ102711', '1.cp_tam_107', 'Minsk', '', 1, 1),
	('001', '001-004-000-000', '001-004-001-000', '001-002-002-108', '435018B0003F', 'Clay Paky', 'Tambora Batten Round', 'S/N BZ102727', '1.cp_tam_108', 'Minsk', '', 1, 1),
	('001', '001-004-000-000', '001-004-001-000', '001-002-002-109', '435018B00011', 'Clay Paky', 'Tambora Batten Round', 'S/N BZ102710', '1.cp_tam_109', 'Minsk', '', 1, 1),
	('001', '001-004-000-000', '001-004-001-000', '001-002-002-110', '435018B00032', 'Clay Paky', 'Tambora Batten Round', 'S/N BZ102718', '1.cp_tam_110', 'Minsk', '', 1, 1),
	('001', '001-004-000-000', '001-004-001-000', '001-002-002-111', '435018B00010', 'Clay Paky', 'Tambora Batten Round', 'S/N BZ102709', '1.cp_tam_111', 'Minsk', '', 1, 1),
	('001', '001-004-000-000', '001-004-001-000', '001-002-002-112', '435018B0000C', 'Clay Paky', 'Tambora Batten Round', 'S/N BZ102712', '1.cp_tam_112', 'Minsk', '', 1, 1);
/*!40000 ALTER TABLE `t_equipment` ENABLE KEYS */;

-- Dumping data for table blackout.t_equip_name: ~21 rows (approximately)
/*!40000 ALTER TABLE `t_equip_name` DISABLE KEYS */;
INSERT IGNORE INTO `t_equip_name` (`fixture_type`, `name`, `qty`, `qty_minsk`, `qty_kazan`, `qty_msc`, `qty_piter`) VALUES
	('001-001-001-000', 'Clay Paky A.leda B-EYE K10', 0, 0, 0, 0, 0),
	('001-001-002-000', 'Clay Paky A.LEDa K20 B-EYE', 80, 0, 0, 0, 0),
	('001-001-003-000', 'Clay Paky A.LEDa K10', 0, 0, 0, 0, 0),
	('001-001-004-000', 'Clay Paky Alpha Beam 1500', 12, 0, 0, 0, 0),
	('001-001-005-000', 'Clay Paky Alpha Profile 1500', 6, 0, 0, 0, 0),
	('001-001-006-000', 'Clay Paky Alpha Spot 1500', 24, 0, 0, 0, 0),
	('001-001-007-000', 'Clay Paky Alpha Spot 800 QWO ST', 30, 0, 0, 0, 0),
	('001-001-008-000', 'Сlay Paky Arolla MP Profile', 48, 0, 0, 0, 0),
	('001-001-009-000', 'Clay Paky Axcor beam 300', 129, 0, 0, 0, 0),
	('001-001-010-000', 'Clay Paky Axcor 600 profile', 72, 0, 0, 0, 0),
	('001-001-011-000', 'Clay Paky A.LEDa K25 B-EYE', 100, 0, 0, 0, 0),
	('001-001-012-000', 'Clay Paky mini B', 168, 0, 0, 0, 0),
	('001-001-013-000', 'Clay Paky Mythos 2', 66, 0, 0, 0, 0),
	('001-001-014-000', 'Clay Paky Scenius Spot 1400', 80, 0, 0, 0, 0),
	('001-001-015-000', 'Clay Paky Scenius Unico 1400', 64, 0, 0, 0, 0),
	('001-001-016-000', 'Clay Paky Sharpy', 48, 0, 0, 0, 0),
	('001-001-017-000', 'Clay Paky Sharpy plus aqua', 28, 0, 0, 0, 0),
	('001-001-018-000', 'Clay Paky Sharpy wash 330', 48, 0, 0, 0, 0),
	('001-001-019-000', 'Clay Paky Shotlight Wash 1500', 32, 0, 0, 0, 0),
	('001-003-001-000', 'Стробоскоп диодный Clay Paky Stormy CC', 42, 0, 0, 0, 0),
	('001-004-001-000', 'Заливающий прибор Clay Paky Tambora batten', 100, 0, 0, 0, 0);
/*!40000 ALTER TABLE `t_equip_name` ENABLE KEYS */;

-- Dumping data for table blackout.t_events: ~10 rows (approximately)
/*!40000 ALTER TABLE `t_events` DISABLE KEYS */;
INSERT IGNORE INTO `t_events` (`id`, `calendarId`, `title`, `start`, `end`, `notes`, `location`) VALUES
	(22, 3, 'Test', '2022-04-12 14:00:00', '2022-04-16 23:59:59', '', ''),
	(25, 2, 'test', '2022-04-20 10:30:00', '2022-04-22 11:30:00', '', 'l1'),
	(28, 4, 't5', '2022-04-13 10:30:00', '2022-04-15 11:30:00', '', 'l5'),
	(34, 1, 'fake', '0000-00-00 00:00:00', '0000-00-00 00:00:00', '', NULL),
	(35, 2, 'fake', '0000-00-00 00:00:00', '0000-00-00 00:00:00', '', NULL),
	(36, 3, 'fake', '0000-00-00 00:00:00', '0000-00-00 00:00:00', '', NULL),
	(37, 4, 'fake', '0000-00-00 00:00:00', '0000-00-00 00:00:00', '', NULL),
	(40, 4, 'Piter test', '2022-04-04 15:30:00', '2022-04-05 16:30:00', '', 'Piter'),
	(41, 2, 'ttt', '2022-04-10 15:30:00', '2022-04-14 16:30:00', '', 'fff'),
	(42, 2, 'vv', '2022-04-18 16:00:00', '2022-04-23 17:00:00', '', 'nn'),
	(43, 1, 'Еще тест', '2022-03-29 15:00:00', '2022-04-22 16:00:00', '', '');
/*!40000 ALTER TABLE `t_events` ENABLE KEYS */;

/*!40101 SET SQL_MODE=IFNULL(@OLD_SQL_MODE, '') */;
/*!40014 SET FOREIGN_KEY_CHECKS=IFNULL(@OLD_FOREIGN_KEY_CHECKS, 1) */;
/*!40101 SET CHARACTER_SET_CLIENT=@OLD_CHARACTER_SET_CLIENT */;
/*!40111 SET SQL_NOTES=IFNULL(@OLD_SQL_NOTES, 1) */;
